group,period,start_bin,n,share
high_minute_nonstar,pre,games 1-20,80,0.3755868544600939
high_minute_nonstar,pre,21-40,35,0.1643192488262911
high_minute_nonstar,pre,41-55,29,0.13615023474178403
high_minute_nonstar,pre,56-82,69,0.323943661971831
high_minute_nonstar,post,games 1-20,39,0.35135135135135137
high_minute_nonstar,post,21-40,28,0.25225225225225223
high_minute_nonstar,post,41-55,15,0.13513513513513514
high_minute_nonstar,post,56-82,29,0.26126126126126126
star,pre,games 1-20,45,0.3543307086614173
star,pre,21-40,32,0.25196850393700787
star,pre,41-55,23,0.18110236220472442
star,pre,56-82,27,0.2125984251968504
star,post,games 1-20,22,0.3384615384615385
star,post,21-40,7,0.1076923076923077
star,post,41-55,16,0.24615384615384617
star,post,56-82,20,0.3076923076923077
