season,group,spells,mean_length,games_missed,share_injury,share_start_56_82,star_seasons,spells_per_star_season,games_missed_per_star_season
2015,high_minute_nonstar,37,22.62162162162162,837,0.40540540540540543,0.32432432432432434,88,0.42045454545454547,9.511363636363637
2016,high_minute_nonstar,24,25.708333333333332,617,0.5,0.3333333333333333,71,0.3380281690140845,8.690140845070422
2017,high_minute_nonstar,29,22.17241379310345,643,0.41379310344827586,0.2413793103448276,79,0.3670886075949367,8.139240506329115
2018,high_minute_nonstar,31,27.838709677419356,863,0.3548387096774194,0.3548387096774194,74,0.4189189189189189,11.662162162162161
2019,high_minute_nonstar,32,23.34375,747,0.3125,0.375,72,0.4444444444444444,10.375
2022,high_minute_nonstar,31,27.70967741935484,859,0.25806451612903225,0.3548387096774194,76,0.40789473684210525,11.302631578947368
2023,high_minute_nonstar,29,18.724137931034484,543,0.034482758620689655,0.27586206896551724,82,0.35365853658536583,6.621951219512195
2024,high_minute_nonstar,34,18.323529411764707,623,0.20588235294117646,0.38235294117647056,90,0.37777777777777777,6.9222222222222225
2025,high_minute_nonstar,39,19.94871794871795,778,0.41025641025641024,0.23076923076923078,81,0.48148148148148145,9.604938271604938
2026,high_minute_nonstar,38,21.289473684210527,809,0.34210526315789475,0.18421052631578946,68,0.5588235294117647,11.897058823529411
2014,star,16,33.3125,533,0.4375,0.125,41,0.3902439024390244,13
2015,star,17,29.58823529411765,503,0.35294117647058826,0.11764705882352941,43,0.3953488372093023,11.69767441860465
2016,star,11,25.90909090909091,285,0.2727272727272727,0.09090909090909091,46,0.2391304347826087,6.195652173913044
2017,star,10,16.6,166,0.3,0.4,40,0.25,4.15
2018,star,16,25.25,404,0.5,0.25,36,0.4444444444444444,11.222222222222221
2019,star,13,30.46153846153846,396,0.38461538461538464,0.07692307692307693,37,0.35135135135135137,10.702702702702704
2022,star,18,25.5,459,0.1111111111111111,0.3333333333333333,39,0.46153846153846156,11.76923076923077
2023,star,26,19.615384615384617,510,0.15384615384615385,0.2692307692307692,45,0.5777777777777777,11.333333333333334
2024,star,15,24.866666666666667,373,0.26666666666666666,0.13333333333333333,46,0.32608695652173914,8.108695652173912
2025,star,20,18.8,376,0.2,0.5,46,0.43478260869565216,8.173913043478262
2026,star,30,23.233333333333334,697,0.16666666666666666,0.26666666666666666,40,0.75,17.425
