season,post_rule,n_at_risk,n_at_risk_healthy,n_at_risk_not_reached,short_games,max_extra_games,stars,share_at_risk,bound_min,bound_max
2014,FALSE,6,6,5,21,42,41,0.14634146341463414,0.5121951219512195,1.024390243902439
2015,FALSE,13,11,3,19,38,43,0.3023255813953488,0.4418604651162791,0.8837209302325582
2016,FALSE,9,5,5,36,69,46,0.1956521739130435,0.782608695652174,1.5
2017,FALSE,5,4,4,19,28,40,0.125,0.475,0.7
2018,FALSE,6,5,4,44,50,36,0.16666666666666666,1.2222222222222223,1.3888888888888888
2019,FALSE,10,10,3,15,38,37,0.2702702702702703,0.40540540540540543,1.027027027027027
2022,FALSE,15,15,4,25,67,39,0.38461538461538464,0.6410256410256411,1.7179487179487178
2023,FALSE,18,16,8,39,87,45,0.4,0.8666666666666667,1.9333333333333333
2024,TRUE,10,5,4,50,80,46,0.21739130434782608,1.0869565217391304,1.7391304347826086
2025,TRUE,12,7,8,53,101,46,0.2608695652173913,1.1521739130434783,2.1956521739130435
2026,TRUE,12,9,4,26,65,40,0.3,0.65,1.625
