counterfactual,window,n_pre,n_post,stat,est,se,lo,hi,boot_dropped
all_pre,65 vs 64,327,132,B_hat,3.3669724770642198,2.9310421241387887,-1.8440366972477067,9.38532110091743,0
all_pre,65 vs 64,327,132,b,0.9267676767676766,1.3082255852040163,-0.38250334224598925,4.573863636363636,1
all_pre,65 vs 64,327,132,share_B,0.025507367250486513,0.022204864576809032,-0.013969974979149292,0.07110091743119265,0
all_pre,65 vs 64,327,132,ratio_B,1.9267676767676765,1.3082255852040163,0.6174966577540107,5.573863636363636,1
all_pre,65 vs 64,327,132,M_hat,-1.8256880733944953,1.4623471307292801,-4.651376146788991,1.1926605504587156,0
all_pre,65 vs 64,327,132,m,-0.6461038961038961,0.5728472667647692,-1,0.8579545454545453,1
all_pre,65 vs 64,327,132,share_M,-0.0138309702529886,0.011078387354009718,-0.035237698081734777,0.009035307200444815,0
all_pre,65 vs 64,327,132,ratio_M,0.35389610389610393,0.5728472667647692,0,1.8579545454545454,1
all_pre,65 vs 64,327,132,obs_B,7,2.6411980167116837,2,13,0
all_pre,65 vs 64,327,132,cf_B,3.6330275229357802,1.2211455970023564,1.614678899082569,6.458715596330276,0
all_pre,65 vs 64,327,132,obs_M,1,1.004292936423966,0,3,0
all_pre,65 vs 64,327,132,cf_M,2.8256880733944953,1.042453461358859,0.8073394495412844,5.247706422018348,0
all_pre,65-66 vs 63-64,327,132,B_hat,-1.8807339449541285,3.1601062377424762,-7.728669724770641,4.563532110091722,0
all_pre,65-66 vs 63-64,327,132,b,-0.4235537190082645,0.7344537294662324,-1.4494949494949494,1.3030303030303032,0
all_pre,65-66 vs 63-64,327,132,share_B,-0.01424798443147067,0.023940198770776338,-0.058550528217959405,0.034572212955240315,0
all_pre,65-66 vs 63-64,327,132,ratio_B,0.7882231404958677,0.3672268647331163,0.27525252525252525,1.6515151515151516,0
all_pre,65-66 vs 63-64,327,132,M_hat,-2.6513761467889907,2.2405862993280277,-6.670183486238533,1.7706422018348622,0
all_pre,65-66 vs 63-64,327,132,m,-0.9383116883116883,0.7567775674707972,-2,1.0489510489510487,0
all_pre,65-66 vs 63-64,327,132,share_M,-0.020086182930219628,0.01697413863127295,-0.05053169307756464,0.013413956074506532,0
all_pre,65-66 vs 63-64,327,132,ratio_M,0.5308441558441559,0.3783887837353986,0,1.5244755244755244,0
all_pre,65-66 vs 63-64,327,132,obs_B,7,2.5643189380043805,3,12,0
all_pre,65-66 vs 63-64,327,132,cf_B,8.880733944954128,1.8048309912375833,5.651376146788991,12.513761467889909,0
all_pre,65-66 vs 63-64,327,132,obs_M,3,1.6857089183126048,0,7,0
all_pre,65-66 vs 63-64,327,132,cf_M,5.651376146788991,1.4987709710304349,2.8256880733944953,8.487155963302698,0
all_pre,65-68 vs 58-64,327,132,B_hat,-2.5504587155963305,4.3236976919028915,-10.605504587155963,6.275688073394493,0
all_pre,65-68 vs 58-64,327,132,b,-0.6164079822616408,1.05439382292344,-2.238383838383838,1.8092799188640947,0
all_pre,65-68 vs 58-64,327,132,share_B,-0.01932165693633584,0.03275528554471889,-0.08034473172087851,0.047543091465109794,0
all_pre,65-68 vs 58-64,327,132,ratio_B,0.8458980044345897,0.26359845573086,0.44040404040404046,1.4523199797160238,0
all_pre,65-68 vs 58-64,327,132,M_hat,-1.146788990825688,4.289823911684297,-9.376605504587156,7.449999999999997,0
all_pre,65-68 vs 58-64,327,132,m,-0.4971590909090909,1.8973891559479337,-3.5318181818181817,3.9000000000000004,0
all_pre,65-68 vs 58-64,327,132,share_M,-0.008687795385043091,0.0324986659976083,-0.07103489018626634,0.05643939393939391,0
all_pre,65-68 vs 58-64,327,132,ratio_M,0.9289772727272726,0.27105559370684834,0.49545454545454537,1.5571428571428572,0
all_pre,65-68 vs 58-64,327,132,obs_B,14,3.53420189597604,8,21,0
all_pre,65-68 vs 58-64,327,132,cf_B,16.55045871559633,2.4621683050047896,12.110091743119266,21.394495412844037,0
all_pre,65-68 vs 58-64,327,132,obs_M,15,3.552423096272081,9,22,0
all_pre,65-68 vs 58-64,327,132,cf_M,16.14678899082569,2.3792395545421616,11.706422018348626,20.990825688073397,0
recent_pre,65 vs 64,84,132,B_hat,-2.428571428571429,4.502400339787224,-11.714285714285714,5.857142857142858,0
recent_pre,65 vs 64,84,132,b,-0.25757575757575757,0.6887510059669707,-0.7613636363636364,1.5454545454545456,2
recent_pre,65 vs 64,84,132,share_B,-0.0183982683982684,0.03410909348323645,-0.08874458874458874,0.044372294372294376,0
recent_pre,65 vs 64,84,132,ratio_B,0.7424242424242424,0.6887510059669708,0.23863636363636365,2.5454545454545454,2
recent_pre,65 vs 64,84,132,M_hat,-2.142857142857143,2.385372790281022,-6.87142857142857,2,0
recent_pre,65 vs 64,84,132,m,-0.6818181818181818,0.4551040723258812,-1,0.9090909090909092,246
recent_pre,65 vs 64,84,132,share_M,-0.016233766233766232,0.018071005986977497,-0.05205627705627705,0.015151515151515152,0
recent_pre,65 vs 64,84,132,ratio_M,0.3181818181818182,0.4551040723258812,0,1.9090909090909092,246
recent_pre,65 vs 64,84,132,obs_B,7,2.533217834355765,3,12,0
recent_pre,65 vs 64,84,132,cf_B,9.428571428571429,3.76987822925096,3.142857142857143,17.28571428571429,0
recent_pre,65 vs 64,84,132,obs_M,1,0.9994984985603138,0,3,0
recent_pre,65 vs 64,84,132,cf_M,3.142857142857143,2.1553037024229367,0,7.857142857142857,0
recent_pre,65-66 vs 63-64,84,132,B_hat,-11.857142857142858,5.617367269475368,-23.142857142857142,-1,0
recent_pre,65-66 vs 63-64,84,132,b,-1.2575757575757576,0.40342714543407243,-1.768595041322314,-0.18181818181818182,0
recent_pre,65-66 vs 63-64,84,132,share_B,-0.08982683982683982,0.04255581264754058,-0.17532467532467533,-0.007575757575757576,0
recent_pre,65-66 vs 63-64,84,132,ratio_B,0.3712121212121212,0.20171357271703627,0.11570247933884298,0.9090909090909091,0
recent_pre,65-66 vs 63-64,84,132,M_hat,-3.2857142857142856,3.5399857761813376,-10.571428571428571,3.2857142857142856,0
recent_pre,65-66 vs 63-64,84,132,m,-1.0454545454545454,1.1732273800695663,-2,3.0909090909090913,33
recent_pre,65-66 vs 63-64,84,132,share_M,-0.024891774891774892,0.02681807406197972,-0.08008658008658008,0.024891774891774892,0
recent_pre,65-66 vs 63-64,84,132,ratio_M,0.4772727272727273,0.5866136900347831,0,2.5454545454545454,33
recent_pre,65-66 vs 63-64,84,132,obs_B,7,2.6618690376099856,2,12,0
recent_pre,65-66 vs 63-64,84,132,cf_B,18.857142857142858,4.979828437205376,9.428571428571429,29.857142857142854,0
recent_pre,65-66 vs 63-64,84,132,obs_M,3,1.733170415696298,0,7,0
recent_pre,65-66 vs 63-64,84,132,cf_M,6.285714285714286,3.0795976151016133,1.5714285714285714,12.571428571428571,0
recent_pre,65-68 vs 58-64,84,132,B_hat,-17.42857142857143,7.152214409749776,-32,-3.9999999999999996,0
recent_pre,65-68 vs 58-64,84,132,b,-2.2181818181818183,0.6324487511142447,-3.114624505928854,-0.7603305785123967,0
recent_pre,65-68 vs 58-64,84,132,share_B,-0.13203463203463206,0.05418344249810454,-0.24242424242424243,-0.0303030303030303,0
recent_pre,65-68 vs 58-64,84,132,ratio_B,0.44545454545454544,0.15811218777856115,0.22134387351778653,0.8099173553719009,0
recent_pre,65-68 vs 58-64,84,132,M_hat,-0.7142857142857135,6.135176206630107,-12.721428571428572,10.860714285714266,0
recent_pre,65-68 vs 58-64,84,132,m,-0.31818181818181784,4.180148734425933,-3.8571266968325792,9.036363636363639,0
recent_pre,65-68 vs 58-64,84,132,share_M,-0.005411255411255406,0.04647860762598591,-0.09637445887445888,0.08227813852813838,0
recent_pre,65-68 vs 58-64,84,132,ratio_M,0.9545454545454546,0.5971641049179883,0.4489819004524887,2.290909090909091,0
recent_pre,65-68 vs 58-64,84,132,obs_B,14,3.5075048531894377,7,21,0
recent_pre,65-68 vs 58-64,84,132,cf_B,31.42857142857143,6.199849117918204,18.857142857142858,44,0
recent_pre,65-68 vs 58-64,84,132,obs_M,15,3.7099436101907854,8,23,0
recent_pre,65-68 vs 58-64,84,132,cf_M,15.714285714285714,4.737845699962419,7.857142857142857,25.142857142857142,0
