period,q,n,share
post,0,1,0.007575757575757576
post,1,0,0
post,2,0,0
post,3,0,0
post,4,0,0
post,5,0,0
post,6,0,0
post,7,0,0
post,8,0,0
post,9,1,0.007575757575757576
post,10,0,0
post,11,0,0
post,12,0,0
post,13,0,0
post,14,1,0.007575757575757576
post,15,0,0
post,16,1,0.007575757575757576
post,17,0,0
post,18,2,0.015151515151515152
post,19,2,0.015151515151515152
post,20,0,0
post,21,0,0
post,22,1,0.007575757575757576
post,23,0,0
post,24,0,0
post,25,1,0.007575757575757576
post,26,0,0
post,27,0,0
post,28,0,0
post,29,0,0
post,30,1,0.007575757575757576
post,31,0,0
post,32,1,0.007575757575757576
post,33,0,0
post,34,2,0.015151515151515152
post,35,0,0
post,36,0,0
post,37,3,0.022727272727272728
post,38,1,0.007575757575757576
post,39,1,0.007575757575757576
post,40,1,0.007575757575757576
post,41,0,0
post,42,1,0.007575757575757576
post,43,1,0.007575757575757576
post,44,0,0
post,45,1,0.007575757575757576
post,46,2,0.015151515151515152
post,47,1,0.007575757575757576
post,48,1,0.007575757575757576
post,49,3,0.022727272727272728
post,50,2,0.015151515151515152
post,51,1,0.007575757575757576
post,52,1,0.007575757575757576
post,53,2,0.015151515151515152
post,54,1,0.007575757575757576
post,55,2,0.015151515151515152
post,56,2,0.015151515151515152
post,57,1,0.007575757575757576
post,58,0,0
post,59,1,0.007575757575757576
post,60,5,0.03787878787878788
post,61,0,0
post,62,6,0.045454545454545456
post,63,2,0.015151515151515152
post,64,1,0.007575757575757576
post,65,7,0.05303030303030303
post,66,0,0
post,67,3,0.022727272727272728
post,68,4,0.030303030303030304
post,69,2,0.015151515151515152
post,70,10,0.07575757575757576
post,71,5,0.03787878787878788
post,72,6,0.045454545454545456
post,73,7,0.05303030303030303
post,74,5,0.03787878787878788
post,75,4,0.030303030303030304
post,76,5,0.03787878787878788
post,77,3,0.022727272727272728
post,78,5,0.03787878787878788
post,79,5,0.03787878787878788
post,80,3,0.022727272727272728
post,81,0,0
post,82,1,0.007575757575757576
pre,0,3,0.009174311926605505
pre,1,0,0
pre,2,1,0.0030581039755351682
pre,3,0,0
pre,4,2,0.0061162079510703364
pre,5,0,0
pre,6,2,0.0061162079510703364
pre,7,1,0.0030581039755351682
pre,8,3,0.009174311926605505
pre,9,0,0
pre,10,2,0.0061162079510703364
pre,11,1,0.0030581039755351682
pre,12,0,0
pre,13,0,0
pre,14,0,0
pre,15,0,0
pre,16,2,0.0061162079510703364
pre,17,1,0.0030581039755351682
pre,18,0,0
pre,19,0,0
pre,20,0,0
pre,21,1,0.0030581039755351682
pre,22,0,0
pre,23,0,0
pre,24,2,0.0061162079510703364
pre,25,0,0
pre,26,1,0.0030581039755351682
pre,27,1,0.0030581039755351682
pre,28,1,0.0030581039755351682
pre,29,6,0.01834862385321101
pre,30,2,0.0061162079510703364
pre,31,3,0.009174311926605505
pre,32,4,0.012232415902140673
pre,33,0,0
pre,34,2,0.0061162079510703364
pre,35,3,0.009174311926605505
pre,36,2,0.0061162079510703364
pre,37,2,0.0061162079510703364
pre,38,0,0
pre,39,4,0.012232415902140673
pre,40,2,0.0061162079510703364
pre,41,1,0.0030581039755351682
pre,42,0,0
pre,43,0,0
pre,44,3,0.009174311926605505
pre,45,0,0
pre,46,1,0.0030581039755351682
pre,47,1,0.0030581039755351682
pre,48,2,0.0061162079510703364
pre,49,2,0.0061162079510703364
pre,50,2,0.0061162079510703364
pre,51,2,0.0061162079510703364
pre,52,5,0.01529051987767584
pre,53,1,0.0030581039755351682
pre,54,5,0.01529051987767584
pre,55,6,0.01834862385321101
pre,56,6,0.01834862385321101
pre,57,4,0.012232415902140673
pre,58,5,0.01529051987767584
pre,59,2,0.0061162079510703364
pre,60,7,0.021406727828746176
pre,61,9,0.027522935779816515
pre,62,3,0.009174311926605505
pre,63,7,0.021406727828746176
pre,64,7,0.021406727828746176
pre,65,9,0.027522935779816515
pre,66,13,0.039755351681957186
pre,67,8,0.024464831804281346
pre,68,11,0.03363914373088685
pre,69,9,0.027522935779816515
pre,70,4,0.012232415902140673
pre,71,7,0.021406727828746176
pre,72,16,0.04892966360856269
pre,73,13,0.039755351681957186
pre,74,17,0.05198776758409786
pre,75,8,0.024464831804281346
pre,76,8,0.024464831804281346
pre,77,15,0.045871559633027525
pre,78,12,0.03669724770642202
pre,79,10,0.03058103975535168
pre,80,15,0.045871559633027525
pre,81,10,0.03058103975535168
pre,82,7,0.021406727828746176
