season,group,team_games,absences,dnp_rows,no_rows,absence_rate,share_absences_with_dnp_row
2014,star,3331,860,250,610,0.258180726508556,0.29069767441860467
2015,high_minute_nonstar,7211,1366,406,960,0.18943281098322007,0.2972181551976574
2015,star,3520,804,229,575,0.22840909090909092,0.2848258706467662
2016,high_minute_nonstar,5826,1074,412,662,0.184346035015448,0.38361266294227186
2016,star,3769,590,218,372,0.15654019633855135,0.3694915254237288
2017,high_minute_nonstar,6444,1240,430,810,0.19242706393544382,0.3467741935483871
2017,star,3269,459,183,276,0.14040991128785563,0.39869281045751637
2018,high_minute_nonstar,6033,1348,229,1119,0.22343775899220952,0.1698813056379822
2018,star,2945,634,96,538,0.21528013582342953,0.15141955835962145
2019,high_minute_nonstar,5860,1238,201,1037,0.2112627986348123,0.16235864297253635
2019,star,3030,694,103,591,0.22904290429042903,0.1484149855907781
2022,high_minute_nonstar,6217,1588,149,1439,0.2554286633424481,0.09382871536523929
2022,star,3193,927,92,835,0.2903225806451613,0.09924487594390508
2023,high_minute_nonstar,6710,1334,223,1111,0.19880774962742176,0.1671664167916042
2023,star,3655,984,70,914,0.2692202462380301,0.07113821138211382
2024,high_minute_nonstar,7311,1351,253,1098,0.1847900424018602,0.18726868985936343
2024,star,3773,781,62,719,0.20699708454810495,0.0793854033290653
2025,high_minute_nonstar,6603,1578,370,1208,0.23898228078146297,0.23447401774397972
2025,star,3738,863,136,727,0.2308721241305511,0.15758980301274622
2026,high_minute_nonstar,5524,1520,330,1190,0.27516292541636495,0.21710526315789475
2026,star,3250,1053,106,947,0.324,0.100664767331434
