outcome,sample,ref,season,est,se,p,lo,hi,mde
games_played,high_minute_nonstar,2023,2015,-5.302860422902975,3.9678910675849686,0.1826004420010645,-13.079784009947696,2.4740631641417465,11.116384962028532
games_played,high_minute_nonstar,2023,2016,2.010592321523863,3.491095065403748,0.5651790094629364,-4.8318282732729845,8.853012916320711,9.780600330262265
games_played,high_minute_nonstar,2023,2017,3.2797319326811922,2.7074552499069524,0.22687916419682116,-2.0267828468903244,8.58624671225271,7.585166606841669
games_played,high_minute_nonstar,2023,2018,-0.49935017184618236,4.54282984948341,0.9125592130406113,-9.403133064727179,8.404432721034812,12.72712495471508
games_played,high_minute_nonstar,2023,2019,0.5439089573976644,4.137860661666894,0.8955258455115074,-7.566148912514522,8.653966827309851,11.592569264337113
games_played,high_minute_nonstar,2023,2022,-1.9938001428132135,3.3142891147033597,0.5479922765652889,-8.489687441984936,4.50208715635851,9.285263392305648
games_played,high_minute_nonstar,2023,2023,0,0,NA,0,0,0
games_played,high_minute_nonstar,2023,2024,-0.4134734522433822,2.9466806316093668,0.8885196508218092,-6.188861364139478,5.361914459652714,8.255376900016586
games_played,high_minute_nonstar,2023,2025,-0.20244684684131192,2.996828988719575,0.9461940692089608,-6.076123732557269,5.671230038874645,8.395871796009196
games_played,high_minute_nonstar,2023,2026,-2.8734246083366073,4.484157614223417,0.5222337549406162,-11.662212033215555,5.9153628165423395,12.562749687697037
qualifying_games,high_minute_nonstar,2023,2015,-6.630136083040479,4.455415161163401,0.13796301429380062,-15.362589335094462,2.1023171690135056,12.482225256071791
qualifying_games,high_minute_nonstar,2023,2016,2.6204272333442553,3.612676837230322,0.46890980429300166,-4.460289255409244,9.701143722097754,10.12122202500358
qualifying_games,high_minute_nonstar,2023,2017,3.086140505644657,3.1560698055696497,0.3290824237291551,-3.0996426459661848,9.271923657255499,8.841998514616598
qualifying_games,high_minute_nonstar,2023,2018,0.06536602068303093,4.606531480898802,0.9886896516926256,-8.963269775528577,9.09400181689464,12.905590503658123
qualifying_games,high_minute_nonstar,2023,2019,1.5056333410640046,4.413255526625294,0.7332639673863892,-7.144188545693918,10.155455227821928,12.364111447148785
qualifying_games,high_minute_nonstar,2023,2022,-2.7862819138882298,3.612069018963305,0.44119806089167213,-9.865807100729231,4.293243272952771,10.119519170331404
qualifying_games,high_minute_nonstar,2023,2023,0,0,NA,0,0,0
qualifying_games,high_minute_nonstar,2023,2024,2.040329996631158,3.1515256548308375,0.5179511612171692,-4.136546783191291,8.217206776453608,8.829267689077867
qualifying_games,high_minute_nonstar,2023,2025,2.0001622692992638,3.1088349183466963,0.5205579791940749,-4.0930422045407795,8.093366743139306,8.70966595279354
qualifying_games,high_minute_nonstar,2023,2026,-0.1163373558024282,4.5925295959268055,0.9798101448388553,-9.117529961753252,8.884855250148394,12.86636302969486
games_played,rotation_nonstar,2023,2015,-5.177083636439577,3.914011554295107,0.18656719907238895,-12.848405317931622,2.4942380450524686,10.965436914036534
games_played,rotation_nonstar,2023,2016,2.202650295042712,2.7960708386882205,0.4312247097208296,-3.277547847008902,7.682848437094325,7.833430730465647
games_played,rotation_nonstar,2023,2017,5.1029304592478635,2.2709723399560118,0.025094895135654507,0.65190646304743,9.553954455448297,6.362322538364181
games_played,rotation_nonstar,2023,2018,0.2233885680415053,3.815035751816203,0.9533312532520803,-7.253944105250938,7.700721241333949,10.688147768860768
games_played,rotation_nonstar,2023,2019,0.762862477340432,3.4070989749030134,0.8229280084831148,-5.914928805232809,7.4406537599136735,9.545278124736129
games_played,rotation_nonstar,2023,2022,-0.312142421215489,2.8954619456554234,0.914196487437398,-5.987143553306388,5.36285871087541,8.111883386556848
games_played,rotation_nonstar,2023,2023,0,0,NA,0,0,0
games_played,rotation_nonstar,2023,2024,3.4861150301293327,2.7151247379422867,0.19977881151656868,-1.8354316697712996,8.807661730029965,7.606653331151956
games_played,rotation_nonstar,2023,2025,4.247471959791931,2.7065660655076162,0.11723616365214436,-1.0573000503812713,9.552243969965133,7.582675480972313
games_played,rotation_nonstar,2023,2026,-0.6760993929495566,4.00609731819563,0.8660509909650096,-8.527905855175486,7.175707069276373,11.22342302897888
qualifying_games,rotation_nonstar,2023,2015,-6.465849024891676,4.658183403230234,0.16576601730071833,-15.595720728605151,2.6640226788218007,13.050297765748983
qualifying_games,rotation_nonstar,2023,2016,5.07037489148903,3.3093491308715506,0.1261516608945869,-1.4158302172881365,11.556580000266198,9.271423606624733
qualifying_games,rotation_nonstar,2023,2017,5.602230296980469,2.763566472481148,0.04320021431811434,0.18573954203501852,11.018721051925919,7.742366978575782
qualifying_games,rotation_nonstar,2023,2018,2.020377258640532,4.061888790944607,0.6191372835937289,-5.9407784808178405,9.981532998098904,11.379727594329168
qualifying_games,rotation_nonstar,2023,2019,3.5136115576058975,3.823911762040105,0.35863703021339277,-3.9811177760518035,11.008340891263598,10.713014667899872
qualifying_games,rotation_nonstar,2023,2022,1.6905238868648802,3.1999110722347526,0.5975344716218236,-4.5811865684461806,7.9622343421759405,8.9648235592489
qualifying_games,rotation_nonstar,2023,2023,0,0,NA,0,0,0
qualifying_games,rotation_nonstar,2023,2024,8.39941344589156,2.935509775383175,0.004404225883467609,2.645920009875274,14.152906881907844,8.224080794339622
qualifying_games,rotation_nonstar,2023,2025,8.54883134938915,2.931562277434951,0.003710928527969229,2.80307486718043,14.29458783159787,8.213021542439346
qualifying_games,rotation_nonstar,2023,2026,4.593346746365773,4.116274016440561,0.265027131944179,-3.474402076355757,12.661095569087303,11.53209243816237
games_played,contemporaneous,2023,2014,-3.693015307341326,3.4113703793868875,0.2799587352662995,-10.379178388866364,2.993147774183712,9.557244828398732
games_played,contemporaneous,2023,2015,-1.0113231040906527,2.854839142172503,0.7234259587390601,-6.606705004403979,4.584058796222674,7.99807514080079
games_played,contemporaneous,2023,2016,-0.36806146719187727,2.053920600753685,0.8579140100154364,-4.39367187177397,3.6575489373902155,5.754233594249231
games_played,contemporaneous,2023,2017,-1.3693975902113618,2.108583848593073,0.5166003804654948,-5.502145991836642,2.7633508114139183,5.907377341370106
games_played,contemporaneous,2023,2018,-1.9066732744605634,2.5266280279628623,0.451120544792163,-6.858773211597232,3.045426662676106,7.078563734810674
games_played,contemporaneous,2023,2019,-1.1495383568563582,2.6027650006701446,0.6590845613405718,-6.250864018391209,3.9517873046784926,7.291867952099266
games_played,contemporaneous,2023,2022,-2.6659338301860442,2.1386283523288823,0.21362649268486614,-6.857568377066889,1.525700716694801,5.991549578921889
games_played,contemporaneous,2023,2023,0,0,NA,0,0,0
games_played,contemporaneous,2023,2024,1.0714593311708303,2.0401397050100565,0.5998779370119427,-2.9271410140790493,5.07005967642071,5.715625240441525
games_played,contemporaneous,2023,2025,-0.510152908763964,2.3074378810250815,0.8251871306824339,-5.03264805213654,4.012342234608612,6.464483859193778
games_played,contemporaneous,2023,2026,1.2615393775627273,2.5182243964051456,0.6168002369448093,-3.674089744381473,6.197168499506928,7.055020244860107
qualifying_games,contemporaneous,2023,2014,-0.32030697664407604,3.9218683896108573,0.9349673611655388,-8.007027772387454,7.366413819099302,10.987448507718288
qualifying_games,contemporaneous,2023,2015,0.8963485647130999,3.1157315986208554,0.7738063047700292,-5.210373154077182,7.003070283503382,8.728987590303674
qualifying_games,contemporaneous,2023,2016,0.14511980220524334,2.2483098074424244,0.948582577691184,-4.261486446470091,4.551726050880578,6.29883152226911
qualifying_games,contemporaneous,2023,2017,-3.5002650924884375,2.7191813844245054,0.19909758940262517,-8.82976267339223,1.829232488415355,7.61801837197165
qualifying_games,contemporaneous,2023,2018,-3.1991036678121194,2.610946947612636,0.22153118525119847,-8.31646565067767,1.918258315053433,7.3147903737087345
qualifying_games,contemporaneous,2023,2019,-2.226834318111373,2.9971343092517686,0.45812791650701545,-8.101109621074169,3.647440984851424,8.396727177498976
qualifying_games,contemporaneous,2023,2022,-3.684309018142343,2.5039217315629005,0.14233055692750246,-8.591905432112796,1.2232873958281094,7.014950110458449
qualifying_games,contemporaneous,2023,2023,0,0,NA,0,0,0
qualifying_games,contemporaneous,2023,2024,1.0475951497944576,2.07081718207855,0.6133456862227757,-3.011131945646222,5.106322245235138,5.801570806725616
qualifying_games,contemporaneous,2023,2025,-0.8577645615681129,2.3361608314895856,0.7137778211470742,-5.436555653380845,3.7210265302446195,6.544953652635723
qualifying_games,contemporaneous,2023,2026,0.6942880800329791,2.513354545832723,0.7825730416286943,-4.231796310179181,5.6203724702451385,7.041376943481989
games_played,all_nonstar,2023,2014,-1.2990883917988971,3.207884399482085,0.6855944532920983,-7.586426281351681,4.988249497753888,8.987161515004205
games_played,all_nonstar,2023,2015,0.6036785341159068,2.847275934305743,0.8321380374578699,-4.976879751170981,6.184236819402794,7.97688616943976
games_played,all_nonstar,2023,2016,3.3034239241883485,2.0399426369657023,0.10570577061968692,-0.694790174792093,7.30163802316879,5.7150731375215
games_played,all_nonstar,2023,2017,3.403020053965253,1.8509902278490433,0.06630884734606489,-0.22485412835445917,7.030894236284965,5.1857068612134345
games_played,all_nonstar,2023,2018,1.23347120603553,2.3122577936073445,0.5938501141796579,-3.2984707924069134,5.765413204477973,6.477987255036842
games_played,all_nonstar,2023,2019,3.4433101639918333,2.384334528598468,0.14903598752358452,-1.2298996391564496,8.116519967140116,6.6799163703578195
games_played,all_nonstar,2023,2022,-0.8196533809546379,1.8996963402952904,0.6662297362719002,-4.542989789495953,2.903683027586677,5.322161185874588
games_played,all_nonstar,2023,2023,0,0,NA,0,0,0
games_played,all_nonstar,2023,2024,5.755151640695659,1.8672501766653598,0.002115503788490564,2.095408544305502,9.414894737085817,5.2312604934645
games_played,all_nonstar,2023,2025,4.596436231950919,2.123417894127681,0.03066850491019992,0.43461363533277986,8.758258828569058,5.948936184064679
games_played,all_nonstar,2023,2026,2.5214932760497994,2.1698115477926154,0.24550071437826446,-1.7312592108628353,6.774245762962434,6.078911958386611
