season,group,player_seasons,sub20_per_player_season,apps_per_player_season
2015,high_minute_nonstar,88,6.261363636363637,66.42045454545455
2015,star,42,3.4761904761904763,64.66666666666667
2016,high_minute_nonstar,71,8.352112676056338,66.92957746478874
2016,star,46,4.065217391304348,69.1086956521739
2017,high_minute_nonstar,79,5.746835443037975,65.87341772151899
2017,star,40,4.8,70.25
2018,high_minute_nonstar,73,5.36986301369863,64.17808219178082
2018,star,36,2.5833333333333335,64.19444444444444
2019,high_minute_nonstar,72,4.944444444444445,64.19444444444444
2019,star,37,2.2972972972972974,63.13513513513514
2022,high_minute_nonstar,75,3.9066666666666667,61.72
2022,star,38,1.8157894736842106,59.63157894736842
2023,high_minute_nonstar,82,6.012195121951219,65.5609756097561
2023,star,45,1.4222222222222223,59.355555555555554
2024,high_minute_nonstar,90,6.455555555555556,66.22222222222223
2024,star,46,0.9782608695652174,65.04347826086956
2025,high_minute_nonstar,81,4.814814814814815,62.03703703703704
2025,star,46,0.9782608695652174,62.5
2026,high_minute_nonstar,68,5.176470588235294,58.88235294117647
2026,star,39,1.0512820512820513,56.333333333333336
