season,n_high_minute_nonstar,n_star,share20_high_minute_nonstar,share20_star
2015,5845,2716,0.905731394354149,0.9462444771723126
2016,4752,3179,0.875210437710439,0.9411764705882361
2017,5204,2810,0.9127594158339734,0.9316725978647683
2018,4685,2311,0.9163287086446106,0.9597576806577242
2019,4622,2336,0.9229770662051057,0.9636130136986301
2022,4629,2266,0.9367033916612664,0.9695498676081201
2023,5376,2671,0.9082961309523818,0.9760389367278174
2024,5960,2992,0.9025167785234894,0.9849598930481281
2025,5025,2875,0.9223880597014931,0.9843478260869564
2026,4004,2197,0.9120879120879118,0.9813381884387802
