sample,term,season,est,se,p,lo,hi,mde
all games,rel::2015:star,2015,-0.0252891492160302,0.024211098688798463,0.29694635371428385,-0.07274290264607519,0.022164604214014786,0.06782945620081203
all games,rel::2016:star,2016,-6.885758946080858e-4,0.020024356853765538,0.9725877804891255,-0.03993631532798854,0.03855916353877237,0.05609994216372863
all games,rel::2017:star,2017,0.0012508141506785396,0.02198112179007268,0.9546533995251776,-0.04183218455786391,0.04433381285922099,0.06158198588460848
all games,rel::2018:star,2018,0.018259880148597758,0.01855357673632012,0.32569641467661636,-0.01810513025458968,0.054624890551785196,0.051979426327599096
all games,rel::2019:star,2019,0.017230455878190033,0.01896409120821151,0.3641813763053877,-0.01993916288990452,0.05440007464628459,0.05312951760387146
all games,rel::2022:star,2022,-0.012925806754324186,0.02106045392136022,0.5397717883819948,-0.05420429644019022,0.028352682931541848,0.05900265639283209
all games,rel::2024:star,2024,0.042938458367254004,0.01565144952574855,0.006386298834717876,0.012261617296786848,0.07361529943772116,0.04384886963337836
all games,rel::2025:star,2025,0.040132323065819396,0.012516319379378152,0.0014650766921975136,0.015600337082238219,0.06466430904940057,0.035065535358446705
all games,rel::2026:star,2026,0.055337992063357364,0.015654422196676846,4.613323849474515e-4,0.024655324557870745,0.08602065956884399,0.043857197824309385
all games,post:star,NA,0.046077383147092754,0.010423463923687041,1.3071176819284613e-5,0.025647393856666156,0.06650737243751935,0.02920222245013541
late season,rel::2015:star,2015,-0.07255157784445052,0.031713513265295964,0.022762093981791683,-0.1347100638444306,-0.010393091844470424,0.08884810997848269
late season,rel::2016:star,2016,-0.03146874236046747,0.024745687672985874,0.2043463193194205,-0.07997029019951979,0.017032805478584843,0.0693271527966775
late season,rel::2017:star,2017,0.007382066315025203,0.024341056685659182,0.7618631471813704,-0.040326404788866795,0.055090537418917195,0.0681935446037926
late season,rel::2018:star,2018,0.017011704792007903,0.024117295633287412,0.4810564830058309,-0.030258194649235428,0.06428160423325123,0.06756665894707845
late season,rel::2019:star,2019,-0.0021206220515344273,0.027700706788756982,0.9390223520449843,-0.05641400735749811,0.05217276325442926,0.0776058906706631
late season,rel::2022:star,2022,-1.7517108711936221e-4,0.026227767437723655,0.9946749782777318,-0.05158159526505773,0.051231253090819,0.07347932555763122
late season,rel::2024:star,2024,0.07155955271963726,0.023953528474338286,0.0030159184734698395,0.024610636909934223,0.1185084685293403,0.06710785129535421
late season,rel::2025:star,2025,0.05723872790248718,0.01564375354632999,2.931392336792871e-4,0.026576970951680396,0.08790048485329396,0.043827308691200426
late season,rel::2026:star,2026,0.07954560153358659,0.020031781549459275,8.72415529886986e-5,0.040283309696646404,0.11880789337052677,0.05612074308143319
late season,post:star,NA,0.06985289361472088,0.01626004062192687,2.267808173161855e-5,0.03798321399574422,0.10172257323369754,0.04555388945230671
