cell,min_bin,n,share,cell_n
"pre, not tight",<15,58,0.012708150744960562,4564
"pre, not tight",15-19,98,0.02147239263803681,4564
"pre, not tight",20-22,142,0.031113058720420684,4564
"pre, not tight",23-30,1090,0.2388255915863278,4564
"pre, not tight",31+,3176,0.6958808063102542,4564
"pre, tight",<15,7,0.013409961685823755,522
"pre, tight",15-19,17,0.032567049808429116,522
"pre, tight",20-22,18,0.034482758620689655,522
"pre, tight",23-30,154,0.2950191570881226,522
"pre, tight",31+,326,0.6245210727969349,522
"post, not tight",<15,7,0.004166666666666667,1680
"post, not tight",15-19,15,0.008928571428571428,1680
"post, not tight",20-22,43,0.025595238095238095,1680
"post, not tight",23-30,340,0.20238095238095238,1680
"post, not tight",31+,1275,0.7589285714285714,1680
"post, tight",<15,0,0,117
"post, tight",15-19,0,0,117
"post, tight",20-22,4,0.03418803418803419,117
"post, tight",23-30,38,0.3247863247863248,117
"post, tight",31+,75,0.6410256410256411,117
