season,est,se,p,mde
2015,-0.02705429532533067,0.025336962746845427,0.2863393755214264,0.07098366030344108
2016,-0.0017730536147887552,0.03229613020611412,0.9562488533728297,0.09048036098770103
2017,-0.04887664246326228,0.0338445987249237,0.14957164694955816,0.09481852750071124
2018,-0.024241414057228947,0.02623623118936576,0.3561257934923947,0.07350303747912153
2019,-0.026622817431505283,0.023904831652077345,0.26615496767634766,0.06697142299793889
2022,-0.03517434473944168,0.02426194250785169,0.14799688362568902,0.06797189949270396
2024,0.01458654119844296,0.02136381468166977,0.4951946649597142,0.05985254741467083
2025,-0.005832741330573246,0.01996085444948602,0.7702960968418596,0.0559220347665845
2026,0.0014277669620967764,0.02441996690801177,0.9534091134820943,0.06841461831629361
