season,n_hm_lag,n_rot_lag,n_star,gp_hm_lag,gp_rot_lag,gp_star,qg_hm_lag,qg_rot_lag,qg_star,ratio_hm_lag,ratio_rot_lag,ratio_star
2015,88,83,42,66.42045454545455,63.8433734939759,64.66666666666667,61.43181818181818,45.036144578313255,62.30952380952381,0.9123909450585984,0.6697749227533376,0.9442249293209022
2016,71,104,46,66.92957746478874,65.29807692307692,69.1086956521739,59.816901408450704,45.25,66.04347826086956,0.8858323980783458,0.6639755200972332,0.9397672164548574
2017,79,94,40,65.87341772151899,63.223404255319146,70.25,61.34177215189873,45.80851063829787,66.275,0.9205464337755338,0.6755724870956411,0.9320481736442824
2018,73,101,36,64.17808219178082,60.366336633663366,64.19444444444444,60.013698630136986,44,62.22222222222222,0.9259406496308428,0.670873532368747,0.941516378665441
2019,72,110,37,64.19444444444444,62.45454545454545,63.13513513513514,60.486111111111114,45.71818181818182,61.5945945945946,0.9276743719788552,0.683335262027515,0.9481770617827209
2022,75,102,38,61.72,57.42156862745098,59.63157894736842,58.74666666666667,39.549019607843135,58.184210526315795,0.9458166744898389,0.6579460788735958,0.9716131570524665
2023,82,109,45,65.5609756097561,58.330275229357795,59.355555555555554,60.80487804878048,39.74311926605505,58.44444444444444,0.9143900061671971,0.6438333852719661,0.9721758760966374
2024,90,89,46,66.14444444444445,60.258426966292134,65,61.044444444444444,40.887640449438194,64.52173913043478,0.9149648884855812,0.6587236460544474,0.992237897956422
2025,81,94,46,61.97530864197531,56.638297872340424,62.43478260869565,58.407407407407405,43.08510638297872,62.02173913043478,0.9421118800474132,0.7349108164913599,0.9912886491117991
2026,68,112,39,58.8235294117647,58.544642857142854,56.23076923076923,54.94117647058823,43.05357142857142,55.794871794871796,0.9331682360042232,0.710754393787704,0.9883160580705258
