season,n_non-star,n_star,n_players_non-star,n_players_star,sat_non-star,sat_star,gap
2014,2301,776,96,37,0.029552368535419326,0.07087628865979376,0.04132392012437443
2015,1721,824,76,38,0.04125508425334102,0.05825242718446603,0.01699734293112501
2016,1809,981,79,42,0.037037037037036966,0.06829765545361874,0.03126061841658177
2017,1773,851,73,40,0.029892836999435915,0.05522914218566396,0.025336305186228043
2018,1630,713,75,33,0.023926380368098125,0.028050490883590407,0.004124110515492281
2019,1693,758,76,34,0.030124040165386848,0.03562005277044865,0.005496012605061801
2022,1834,709,88,36,0.026717557251908452,0.03244005641748934,0.005722499165580885
2023,2110,842,94,43,0.020853080568720386,0.010688836104513022,-0.010164244464207365
2024,1739,906,82,42,0.0316273720529039,0.0165562913907285,-0.015071080662175398
2025,1372,835,68,45,0.053935860058309096,0.04191616766467066,-0.012019692393638433
2026,1486,633,72,34,0.036339165545087426,0.014218009478672966,-0.02212115606641446
