sample,spec,term,est,se,p,lo,hi,mde
full schedule,state main effects + state x post,state::secured,0.00647771274955765,0.012733918779258923,0.6120115749866115,-0.018480309439848082,0.03143573493896338,0.035675158620622927
full schedule,state main effects + state x post,state::unreachable,-0.1372539141715151,0.04211033238099723,0.0014973484109839963,-0.21978864901528047,-0.05471917932774975,0.11797568472842569
full schedule,state main effects + state x post,state::secured:post,-0.010936565408373441,0.018869567407071863,0.5634111652926563,-0.04792023793008513,0.02604710711333825,0.05286470111983878
full schedule,state main effects + state x post,state::unreachable:post,0.009455636776394329,0.13712277289434516,0.9451521920850059,-0.25930005955678725,0.2782113331095759,0.38416113360745896
full schedule,no-incentive + no-incentive x post,no_incentive,-0.004271588397735092,0.012231808424217476,0.7276106969140713,-0.028245492374994966,0.019702315579524784,0.034268453672077356
full schedule,no-incentive + no-incentive x post,no_incentive:post,-0.005281252141156619,0.018921111571611006,0.7806918545405472,-0.04236594936897824,0.031803445086664994,0.05300910648929162
rows only,state main effects + state x post,state::secured,0.009630752574615743,0.010196220801302561,0.34704107082452684,-0.010353472974355401,0.029614978123586887,0.028565581477545218
rows only,state main effects + state x post,state::unreachable,-0.0662092290500416,0.03158017112144158,0.03841369649766573,-0.12810522707367897,-0.004313231026404234,0.08847454059930877
rows only,state main effects + state x post,state::secured:post,-0.03365775376289863,0.01176177550678801,0.005079028482356589,-0.05671041015044846,-0.010605097375348798,0.03295161639858045
rows only,state main effects + state x post,state::unreachable:post,-0.041844165178534,0.0794163888574543,0.599366854062162,-0.19749742712137244,0.11380909676430442,0.2224917810989554
rows only,no-incentive + no-incentive x post,no_incentive,0.0038057709068612363,0.009854615781962455,0.700128766265721,-0.015508921107265192,0.023120462920987662,0.027608545904928783
rows only,no-incentive + no-incentive x post,no_incentive:post,-0.03194787381600934,0.011631111736370879,0.007073591976683645,-0.05474443391945738,-0.009151313712561292,0.03258555071083691
rows only,"exploratory: state x post, no main effects",state::secured:post,-0.025460082416035392,0.009374597383391099,0.007720374732541393,-0.04383395565704537,-0.007086209175025417,0.026263733455069008
rows only,"exploratory: state x post, no main effects",state::unreachable:post,-0.10915460991391475,0.07364198745815567,0.14124509874664515,-0.2534902530818502,0.03518103325402068,0.2063143034952295
