sample,ref,term,est,se,p,lo,hi,mde,season
full schedule,2017,rel::2015:star,0.008002829697894133,0.01916990694878541,0.6765932963279048,-0.029569497508709373,0.04557515690449764,0.05370612794031827,2015
full schedule,2017,rel::2016:star,-0.0015460596465000503,0.020538263145210706,0.9400375437901234,-0.041800315716119356,0.038708196423119255,0.05753969443333667,2016
full schedule,2017,NA,0,0,NA,0,0,0,2017
full schedule,2017,rel::2018:star,0.0026278081405793088,0.018837787197498183,0.8891384014525068,-0.03429357631494684,0.039549192596105454,0.05277566615446862,2018
full schedule,2017,rel::2019:star,0.032890176186380876,0.021699331296664594,0.1304971775850462,-0.009639731643684549,0.0754200840164463,0.06079252580367163,2019
full schedule,2017,rel::2022:star,0.02884234894384234,0.021416571867247883,0.1789434692890056,-0.01313336058827723,0.07081805847596191,0.06000035116593572,2022
full schedule,2017,rel::2023:star,-0.007609928879148871,0.020990662284877587,0.7171695318598661,-0.04875087096915217,0.03353101321085442,0.05880712917571442,2023
full schedule,2017,rel::2024:star,-0.010174800143744228,0.019798441659955715,0.6076346159691947,-0.048979032747274824,0.028629432459786365,0.0554670214962039,2024
full schedule,2017,rel::2025:star,-0.018880880038635136,0.0263049348870132,0.4733809684424033,-0.0704376050328522,0.032675844955581915,0.0736955167428803,2025
full schedule,2017,rel::2026:star,-0.02005577122753327,0.02525886269779525,0.4277311257736658,-0.06956223240565416,0.029450689950587625,0.07076485636048821,2026
full schedule,2023,rel::2015:star,0.009944579907451888,0.020430951929290862,0.6267483671483606,-0.03009935004382732,0.049988509858731094,0.057239052917077905,2015
full schedule,2023,rel::2016:star,8.134947952838346e-4,0.022284514304337713,0.9709006727615009,-0.04286335065418572,0.044490340244753394,0.062431965867859526,2016
full schedule,2023,rel::2017:star,0.00626305102651745,0.01756572643945662,0.7216451670815808,-0.028165140157100515,0.04069124221013541,0.049211879538197806,2017
full schedule,2023,rel::2018:star,0.0049788547228918865,0.020050372592680176,0.8040353688667239,-0.03431915343537023,0.04427686288115401,0.056172827473310163,2018
full schedule,2023,rel::2019:star,0.034895532198838904,0.02215635428818554,0.11617263737598718,-0.008530124234714324,0.07832118863239212,0.06207291466105448,2019
full schedule,2023,rel::2022:star,0.0311895027687003,0.02041256959987906,0.12743191362947404,-0.008818398478979833,0.07119740401638043,0.05718755325472332,2022
full schedule,2023,NA,0,0,NA,0,0,0,2023
full schedule,2023,rel::2024:star,-0.007919969130699091,0.0177637583189658,0.6559829593282753,-0.04273629566594582,0.02689635740454764,0.049766682724545847,2024
full schedule,2023,rel::2025:star,-0.016669149189119853,0.024505892927286728,0.49682387463075695,-0.06469981673559666,0.031361518357356954,0.06865534738174563,2025
full schedule,2023,rel::2026:star,-0.01822440639085068,0.024223835802799003,0.45235901331464745,-0.06570225213174861,0.029253439350047258,0.06786514031111737,2026
rows only,2017,rel::2014:star,0.018192991011771596,0.013693191850792472,0.18477204971996047,-0.008645171849179005,0.0450311538727222,0.03836264387796514,2014
rows only,2017,rel::2015:star,0.0038111596700575157,0.01378002519235623,0.7822596611020303,-0.023197193413015318,0.030819512753130347,0.03860591488412952,2015
rows only,2017,rel::2016:star,0.017215247157697084,0.014554973255916148,0.23763813220734598,-0.011311976219842243,0.04574247053523641,0.04077699792380426,2016
rows only,2017,NA,0,0,NA,0,0,0,2017
rows only,2017,rel::2018:star,-0.0069769577504411925,0.011454369142474937,0.5428162589859877,-0.029427108735319008,0.01547319323443662,0.0320903912723671,2018
rows only,2017,rel::2019:star,-0.005735149491975029,0.015467118816278505,0.7109959184225247,-0.03605014531648268,0.024579846332532625,0.04333245144248281,2019
rows only,2017,rel::2022:star,0.006386122303297343,0.013403881544435694,0.6340359964682123,-0.019885002776837725,0.03265724738343241,0.03755211640022826,2022
rows only,2017,rel::2023:star,-0.018742568641459394,0.008552896259646848,0.029031419458326217,-0.03550593727387455,-0.001979200009044238,0.023961667733080304,2023
rows only,2017,rel::2024:star,-0.014358122223005492,0.008965558018531073,0.11010256252140478,-0.03193029304063068,0.003214048594619696,0.025117774816850843,2024
rows only,2017,rel::2025:star,-0.01028306759685716,0.014549323824376697,0.48014077944932865,-0.03879921829204604,0.01823308309833172,0.04076117055991259,2025
rows only,2017,rel::2026:star,-0.024678176855466836,0.010657734238169566,0.02111641712004258,-0.04556695211907861,-0.0037894015918550628,0.029858550700232328,2026
rows only,2023,rel::2014:star,0.022674276346347392,0.013593277419539142,0.09612941573116196,-0.003968057827810879,0.04931661052050566,0.03808272508428965,2014
rows only,2023,rel::2015:star,0.008585967074230245,0.014397949369362352,0.5513080973447223,-0.01963349514095114,0.03680542928941163,0.04033708212434449,2015
rows only,2023,rel::2016:star,0.022742693725488917,0.014747436096870067,0.12387052821348822,-0.006161749888682351,0.051647137339660185,0.041316198974056785,2016
rows only,2023,rel::2017:star,0.01828425503401438,0.011967700087369477,0.1273940639146834,-0.005172006115006646,0.04174051618303541,0.0335285316595836,2017
rows only,2023,rel::2018:star,-0.001664851356847199,0.011381198875975468,0.883777257653742,-0.023971591254646856,0.020641888540952457,0.0318853985353368,2018
rows only,2023,rel::2019:star,-9.930552786593491e-4,0.015299676183383407,0.9482822204245084,-0.030979869573216048,0.02899375901589735,0.04286334663728198,2019
rows only,2023,rel::2022:star,0.01166997802372032,0.012756287321736753,0.36085510445766267,-0.013331885703328614,0.036671841750769256,0.035737825998579546,2022
rows only,2023,NA,0,0,NA,0,0,0,2023
rows only,2023,rel::2024:star,-0.008641158448975738,0.008159527234210186,0.29026024720468513,-0.024633537958901414,0.007351221060949938,0.022859610886153445,2024
rows only,2023,rel::2025:star,-0.004811344711161187,0.013982752663734884,0.7309678892448959,-0.032217036336813054,0.022594346914490682,0.03917387317124938,2025
rows only,2023,rel::2026:star,-0.020669246014939344,0.010429573716520956,0.04822267491304049,-0.04111083487342597,-2.27657156452718e-4,0.02921933955542464,2026
