season,n_star,n_non-star,n_players_star,n_players_non-star,sat_star,sat_non-star,gap
2014,780,NA,36,NA,0.09743589743589746,NA,NA
2015,823,1818,38,84,0.08019441069258815,0.07040704070407033,0.009787369988517813
2016,983,1486,42,67,0.08748728382502545,0.07133243606998653,0.01615484775503892
2017,851,1685,39,75,0.08108108108108132,0.06231454005934714,0.01876654102173418
2018,719,1454,33,69,0.07927677329624473,0.059147180192572535,0.020129593103672197
2019,768,1433,34,66,0.10807291666666669,0.0795533845080252,0.02851953215864149
2022,724,1417,36,68,0.1312154696132598,0.08398023994354264,0.04723522966971716
2023,864,1702,43,81,0.11111111111111134,0.10105757931844894,0.010053531792662398
2024,914,1859,42,87,0.08862144420131293,0.08337816030123736,0.005243283900075571
2025,856,1554,45,75,0.13200934579439272,0.12419562419562427,0.007813721598768447
2026,651,1267,35,64,0.12135176651305685,0.1207576953433307,5.940711697261514e-4
