season,n_reachable,n_secured,n_unreachable,sat_reachable,sat_secured,sat_unreachable,gap
2014,345,225,210,0.057971014492753596,0.09333333333333335,0.16666666666666666,0.07076461769115444
2015,494,234,95,0.06072874493927124,0.08547008547008547,0.16842105263157894,0.04869374746194457
2016,506,348,129,0.06324110671936758,0.11494252873563213,0.10852713178294573,0.0499664404504437
2017,400,277,174,0.07250000000000015,0.09747292418772567,0.07471264367816094,0.016191796008869067
2018,365,215,139,0.06849315068493152,0.0883720930232558,0.09352517985611511,0.02190232954105717
2019,416,230,122,0.09134615384615384,0.08260869565217382,0.21311475409836067,0.03649475524475519
2022,460,106,158,0.08260869565217391,0.20754716981132076,0.22151898734177217,0.133300395256917
2023,450,144,270,0.0733333333333334,0.17361111111111108,0.14074074074074067,0.07884057971014478
2024,493,270,151,0.0709939148073021,0.11481481481481488,0.09933774834437087,0.038269743149942595
2025,456,218,182,0.10964912280701765,0.1192660550458716,0.20329670329670324,0.04785087719298235
2026,388,135,128,0.095360824742268,0.1481481481481482,0.171875,0.06433499274822634
