sample,spec,term,est,se,p,lo,hi,mde,season
full schedule,gap level,rel::2014:no_incentive,0.010495549410994155,0.024196759763785092,0.6653371377840407,-0.03692922826859252,0.05792032709058083,0.06778928448045095,2014
full schedule,gap level,rel::2015:no_incentive,-0.04793572056276348,0.025568477531628137,0.06354753457700772,-0.09804901566427619,0.0021775745387492274,0.07163226870226293,2015
full schedule,gap level,rel::2016:no_incentive,0.0022606261055080007,0.026640408127408408,0.932533617651532,-0.0499536143576606,0.0544748665686766,0.07463537361424397,2016
full schedule,gap level,rel::2017:no_incentive,-0.03711383409124303,0.025486885909867148,0.14826723474249776,-0.08706721255266399,0.012839544370177924,0.07140368282081548,2017
full schedule,gap level,rel::2018:no_incentive,-0.03022125802229234,0.03280752372793584,0.3590347254401747,-0.09452282295098982,0.03408030690640515,0.0919130735190755,2018
full schedule,gap level,rel::2019:no_incentive,-0.037761058164034925,0.02804080158796668,0.18093953338033741,-0.09272001937408315,0.017197903046013305,0.07855869523288608,2019
full schedule,gap level,rel::2022:no_incentive,0.08895065859239343,0.043278908301738014,0.04228626950559169,0.004125557030775398,0.17377576015401147,0.12124954975421583,2022
full schedule,gap level,rel::2023:no_incentive,0.07412197955913048,0.0342279629653927,0.03256736841668088,0.007036404882790032,0.14120755423547093,0.09589255508996229,2023
full schedule,gap level,rel::2024:no_incentive,-0.005437295926039099,0.0264366901554398,0.8374376626379785,-0.057252256501145696,0.04637766464906749,0.07406464035531277,2024
full schedule,gap level,rel::2025:no_incentive,-0.02567154622665691,0.025156619535188794,0.30980790325838287,-0.07497761448840368,0.023634522035089863,0.07047841342747685,2025
full schedule,gap level,rel::2026:no_incentive,0.007184205941083475,0.039623400103029456,0.8564655385988228,-0.0704762312058749,0.08484464308804185,0.11100833202002318,2026
full schedule,gap relative to 2023,rel::2014:no_incentive,-0.06362643014814162,0.036896625341167145,0.08751409366404825,-0.13594248696789707,0.00868962667161384,0.10336904015406621,2014
full schedule,gap relative to 2023,rel::2015:no_incentive,-0.12205770012189864,0.04431843863639683,0.006917176040092802,-0.20892024370028484,-0.03519515654351245,0.12416188257357601,2015
full schedule,gap relative to 2023,rel::2016:no_incentive,-0.07186135345362685,0.04096704381136528,0.08227197801264806,-0.1521552838769773,0.00843257696972359,0.11477266437170731,2016
full schedule,gap relative to 2023,rel::2017:no_incentive,-0.1112358136503786,0.037843348575272724,0.0040298182476404655,-0.18540741391230828,-0.037064213388448924,0.1060213659723805,2017
full schedule,gap relative to 2023,rel::2018:no_incentive,-0.10434323758142816,0.04304657604730596,0.017028887089276315,-0.18871297629191236,-0.019973498870943948,0.12059865114450813,2018
full schedule,gap relative to 2023,rel::2019:no_incentive,-0.11188303772317021,0.043943296429390266,0.012317867603678093,-0.19801031608674266,-0.025755759359597757,0.12311088971173613,2019
full schedule,gap relative to 2023,rel::2022:no_incentive,0.014828679033257552,0.053995517968325524,0.7841316220460344,-0.0910005915112458,0.1206579495777609,0.15127304498441393,2022
full schedule,gap relative to 2023,rel::2024:no_incentive,-0.079559275485174,0.03516669720329402,0.025696072758819848,-0.1484847354588557,-0.010633815511492298,0.09852249905460317,2024
full schedule,gap relative to 2023,rel::2025:no_incentive,-0.09979352578579209,0.03773323596516059,0.009406526205689108,-0.17374930929765828,-0.025837742273925907,0.1057128761115625,2025
full schedule,gap relative to 2023,rel::2026:no_incentive,-0.06693777361805157,0.04763469590400572,0.1628492255545556,-0.16030006200442037,0.02642451476831724,0.13345265991396876,2026
rows only,exploratory: no main effect,rel::2014:no_incentive,0.04110722738727306,0.02387755598033824,0.08806194692670267,-0.00569192237302886,0.08790637714757497,0.06689500787918051,2014
rows only,exploratory: no main effect,rel::2015:no_incentive,-0.02397996483064207,0.02057462374478973,0.24642789640434956,-0.06430548636589253,0.016345556704608404,0.05764156175163898,2015
rows only,exploratory: no main effect,rel::2016:no_incentive,0.040099804073134716,0.022644952285457706,0.07946753384423587,-0.004283486837990354,0.0844830949842598,0.06344176358781178,2016
rows only,exploratory: no main effect,rel::2017:no_incentive,0.013499182869593614,0.01940564678596531,0.48818182619144634,-0.02453518592760383,0.051533551666791064,0.054366573183481835,2017
rows only,exploratory: no main effect,rel::2018:no_incentive,-0.01824378335280702,0.013425041731344374,0.17705112872655038,-0.04455638163718924,0.008068814931575196,0.037611398467084126,2018
rows only,exploratory: no main effect,rel::2019:no_incentive,-0.006731122338635406,0.030117410651980342,0.8235796154431039,-0.06576016252411984,0.052297917846849035,0.08437649249042617,2019
rows only,exploratory: no main effect,rel::2022:no_incentive,0.025660518456712012,0.04080521946915449,0.5307975858033821,-0.054316242084083394,0.10563727899750741,0.1143192996866387,2022
rows only,exploratory: no main effect,rel::2024:no_incentive,-0.03285245697374304,0.013113621333056753,0.013759222748966628,-0.058554682493430404,-0.007150231454055678,0.03673892768262267,2024
rows only,exploratory: no main effect,rel::2025:no_incentive,-0.011928124820663388,0.018758375441368966,0.5262234774617098,-0.04869386509422719,0.024837615452900412,0.052553187352352614,2025
rows only,exploratory: no main effect,rel::2026:no_incentive,-0.032449188298360396,0.01190191465418811,0.007494276203252077,-0.05577651236763857,-0.009121864229082219,0.03334422816241552,2026
rows only,gap level,rel::2014:no_incentive,0.038507571606567134,0.024025409650444463,0.11195788673536217,-0.008581366022125045,0.08559650923525931,0.06730923253579385,2014
rows only,gap level,rel::2015:no_incentive,-0.026570035737379722,0.02041479902117189,0.19590604527720254,-0.06658230657050017,0.013442235095740721,0.057193799168462255,2015
rows only,gap level,rel::2016:no_incentive,0.03750139953235287,0.022796141921328564,0.10291637595405498,-0.0071782176199148146,0.08218101668462055,0.06386533423679945,2016
rows only,gap level,rel::2017:no_incentive,0.010799430060490169,0.01961857253157058,0.5831554554002021,-0.027652265529474952,0.04925112565045529,0.054963102804925244,2017
rows only,gap level,rel::2018:no_incentive,-0.02091874230176472,0.01365581002029227,0.12853696890765126,-0.047683638121258747,0.005846153517729304,0.038257915494209774,2018
rows only,gap level,rel::2019:no_incentive,-0.009349057326866767,0.030196649209996502,0.7574685604779242,-0.06853340223224977,0.04983528757851623,0.08459848606326884,2019
rows only,gap level,rel::2022:no_incentive,0.023095771775009023,0.04114940219840023,0.575800684448004,-0.05755557451920872,0.10374711806922676,0.11528355693322334,2022
rows only,gap level,rel::2023:no_incentive,-0.036910520436595866,0.01193794668547315,0.002542044416190044,-0.06030846598948254,-0.013512574883709189,0.03344517496864228,2023
rows only,gap level,rel::2024:no_incentive,-0.035538685187986085,0.013399151906251155,0.00922226789196599,-0.06180054034761955,-0.009276830028352619,0.03753886591580343,2024
rows only,gap level,rel::2025:no_incentive,-0.014524875663057341,0.018953650153084266,0.44517932182726694,-0.05167334733867457,0.02262359601255989,0.05310026609816547,2025
rows only,gap level,rel::2026:no_incentive,-0.03514271337706747,0.012229142970448009,0.004902677434675108,-0.059111393160936734,-0.011174033593198202,0.03426098617619725,2026
rows only,gap relative to 2023,rel::2014:no_incentive,0.0754180920431609,0.025256916472900598,0.0035103730394658054,0.025915445395739332,0.12492073869058246,0.07075940384559223,2014
rows only,gap relative to 2023,rel::2015:no_incentive,0.01034048469921446,0.025294546817135888,0.6835090410461715,-0.039235916067634116,0.05991688546606304,0.07086482846175432,2015
rows only,gap relative to 2023,rel::2016:no_incentive,0.0744119199689468,0.023936517230287058,0.002412947498255714,0.027497208282261744,0.12132663165563187,0.06706019284547858,2016
rows only,gap relative to 2023,rel::2017:no_incentive,0.04770995049708374,0.02056148302893804,0.022236774100899068,0.007410184291633655,0.08800971670253382,0.05760474691635347,2017
rows only,gap relative to 2023,rel::2018:no_incentive,0.01599177813482932,0.014350450625876676,0.26763884610339933,-0.012134588253809232,0.04411814452346787,0.040204010346716085,2018
rows only,gap relative to 2023,rel::2019:no_incentive,0.027561463109727454,0.030753601095331814,0.37217524771348176,-0.032714487432034436,0.08783741365148935,0.08615883423242439,2019
rows only,gap relative to 2023,rel::2022:no_incentive,0.06000629221160316,0.03963540214177495,0.13301286865124953,-0.017677668499037437,0.13769025292224377,0.11104195675435978,2022
rows only,gap relative to 2023,rel::2024:no_incentive,0.001371835248608051,0.013530237207598645,0.9194321499514084,-0.025146942380569075,0.02789061287778518,0.037906112558370446,2024
rows only,gap relative to 2023,rel::2025:no_incentive,0.02238564477353676,0.0191836615852578,0.2458643732346592,-0.015213641025173079,0.059984930572246596,0.05374466272653984,2025
rows only,gap relative to 2023,rel::2026:no_incentive,0.0017678070595266708,0.01374049305856238,0.8978730575222947,-0.025163064465078197,0.02869867858413154,0.03849516224245221,2026
