season,athlete_id,name
2015,2748,Andrew Bynum
2017,1977,Chris Bosh
2017,110,Kobe Bryant
2017,215,Tim Duncan
2018,1977,Chris Bosh
2018,110,Kobe Bryant
2018,215,Tim Duncan
2019,110,Kobe Bryant
2020,609,Dirk Nowitzki
2020,1987,Dwyane Wade
2020,4237,John Wall
2020,3202,Kevin Durant
2020,6475,Klay Thompson
2021,609,Dirk Nowitzki
2021,1987,Dwyane Wade
2021,6475,Klay Thompson
2022,609,Dirk Nowitzki
2022,1987,Dwyane Wade
2022,6450,Kawhi Leonard
2022,4395628,Zion Williamson
2026,6442,Kyrie Irving
2026,4396993,Tyrese Haliburton
