season,n,n_gp_changed,n_qg_changed,gp_orig,gp_clean,qg_orig,qg_clean,ge65_orig,ge65_clean,crossed_65
2014,41,18,10,60.7,60.3,58.2,57.9,0.49,0.49,0
2015,43,16,11,63.5,63.2,61.1,60.9,0.65,0.65,0
2016,46,20,16,69.5,69.1,66.4,66,0.7,0.7,0
2017,40,21,17,70.8,70.2,66.7,66.3,0.65,0.65,0
2018,36,18,15,64.7,64.2,62.6,62.2,0.58,0.58,0
2019,37,19,13,63.6,63.1,61.9,61.6,0.68,0.65,1
2020,37,14,12,51.2,50.8,49.9,49.6,0.19,0.19,0
2021,41,17,14,55,54.6,54.4,54.1,0.24,0.22,1
2022,39,15,10,58.5,58.1,56.9,56.7,0.54,0.54,0
2023,45,16,14,59.7,59.4,58.8,58.4,0.47,0.44,1
2024,46,19,14,65.5,65,64.8,64.5,0.67,0.67,0
2025,46,16,0,63.1,62.4,62,62,0.54,0.54,0
2026,40,18,0,56.1,54.8,54.4,54.4,0.48,0.48,0
