season,athlete_id,athlete_name,post_rule,contender,games_thru_62,q_thru_62,q_thru_62_strict,games_left,played_60_62,games_60_62,qualifying_games,games_played,contender_cur,pra_pg_thru_62,gp_thru_62,slack_at_62,secured_at_62,reached,healthy_at_62,at_risk,slack_bin
2014,1007,Joe Johnson,FALSE,FALSE,62,60,59,20,3,3,79,79,FALSE,21,60,15,FALSE,TRUE,TRUE,FALSE,NA
2014,1015,Tony Parker,FALSE,TRUE,62,51,49,20,3,3,64,68,FALSE,26.235294117647058,51,6,FALSE,FALSE,TRUE,TRUE,6-8
2014,1017,Zach Randolph,FALSE,FALSE,62,58,58,20,2,3,78,79,TRUE,29.915254237288135,59,13,FALSE,TRUE,TRUE,FALSE,NA
2014,110,Kobe Bryant,FALSE,TRUE,62,6,6,20,0,3,6,6,FALSE,24.5,6,-39,FALSE,FALSE,FALSE,FALSE,NA
2014,1727,Amar'e Stoudemire,FALSE,FALSE,62,27,25,20,3,3,44,65,FALSE,15.340425531914894,47,-18,FALSE,FALSE,TRUE,FALSE,NA
2014,1966,LeBron James,FALSE,TRUE,62,60,60,20,3,3,77,77,TRUE,40.28333333333333,60,15,FALSE,TRUE,TRUE,FALSE,NA
2014,1975,Carmelo Anthony,FALSE,TRUE,62,59,59,20,3,3,77,77,TRUE,39.52542372881356,59,14,FALSE,TRUE,TRUE,FALSE,NA
2014,1977,Chris Bosh,FALSE,FALSE,62,61,59,20,3,3,79,79,FALSE,24.75409836065574,61,16,FALSE,TRUE,TRUE,FALSE,NA
2014,1987,Dwyane Wade,FALSE,TRUE,62,46,45,20,3,3,54,54,TRUE,28.891304347826086,46,1,FALSE,FALSE,TRUE,TRUE,0-2
2014,215,Tim Duncan,FALSE,TRUE,62,57,55,20,3,3,73,74,FALSE,28.385964912280702,57,12,FALSE,TRUE,TRUE,FALSE,NA
2014,2384,Dwight Howard,FALSE,TRUE,62,62,60,20,3,3,71,71,TRUE,33.145161290322584,62,17,FALSE,TRUE,TRUE,FALSE,NA
2014,2386,Andre Iguodala,FALSE,TRUE,62,50,49,20,3,3,63,63,FALSE,18.38,50,5,FALSE,FALSE,TRUE,TRUE,3-5
2014,2429,Luol Deng,FALSE,TRUE,59,49,49,20,3,3,63,63,FALSE,25.428571428571427,49,4,FALSE,FALSE,TRUE,TRUE,3-5
2014,261,Kevin Garnett,FALSE,TRUE,62,31,29,20,0,3,31,54,FALSE,14.877551020408163,49,-14,FALSE,FALSE,FALSE,FALSE,NA
2014,272,Manu Ginobili,FALSE,FALSE,62,43,41,20,3,3,54,68,FALSE,19.901960784313726,51,-2,FALSE,FALSE,TRUE,FALSE,NA
2014,2748,Andrew Bynum,FALSE,FALSE,37,15,13,19,0,3,16,26,FALSE,14.791666666666666,24,-31,FALSE,FALSE,FALSE,FALSE,NA
2014,2772,David Lee,FALSE,TRUE,62,57,57,20,3,3,69,69,TRUE,30.45614035087719,57,12,FALSE,TRUE,TRUE,FALSE,NA
2014,2779,Chris Paul,FALSE,TRUE,62,43,43,20,3,3,62,62,TRUE,34.30232558139535,43,-2,FALSE,FALSE,TRUE,FALSE,NA
2014,2798,Deron Williams,FALSE,FALSE,62,44,44,20,3,3,62,64,FALSE,22.956521739130434,46,-1,FALSE,FALSE,TRUE,FALSE,NA
2014,2983,LaMarcus Aldridge,FALSE,FALSE,62,57,57,20,3,3,69,69,TRUE,37.526315789473685,57,12,FALSE,TRUE,TRUE,FALSE,NA
2014,3026,Rajon Rondo,FALSE,FALSE,62,17,16,20,3,3,30,30,FALSE,25.352941176470587,17,-28,FALSE,FALSE,TRUE,FALSE,NA
2014,3202,Kevin Durant,FALSE,TRUE,62,61,61,20,3,3,81,81,TRUE,44.967213114754095,61,16,FALSE,TRUE,TRUE,FALSE,NA
2014,3206,Marc Gasol,FALSE,TRUE,62,37,37,20,3,3,57,59,FALSE,24.025641025641026,39,-8,FALSE,FALSE,TRUE,FALSE,NA
2014,3213,Al Horford,FALSE,FALSE,62,29,29,20,0,3,29,29,FALSE,29.586206896551722,29,-16,FALSE,FALSE,FALSE,FALSE,NA
2014,3224,Joakim Noah,FALSE,TRUE,62,60,59,20,3,3,80,80,FALSE,28.15,60,15,FALSE,TRUE,TRUE,FALSE,NA
2014,3436,Roy Hibbert,FALSE,TRUE,62,62,61,19,3,3,79,80,FALSE,19.85483870967742,62,16,FALSE,TRUE,TRUE,FALSE,NA
2014,3448,Brook Lopez,FALSE,FALSE,62,17,17,20,0,3,17,17,FALSE,27.647058823529413,17,-28,FALSE,FALSE,FALSE,FALSE,NA
2014,3449,Kevin Love,FALSE,FALSE,62,59,59,20,3,3,77,77,TRUE,43.76271186440678,59,14,FALSE,TRUE,TRUE,FALSE,NA
2014,3456,Derrick Rose,FALSE,FALSE,62,10,10,20,0,3,10,10,FALSE,23.4,10,-35,FALSE,FALSE,FALSE,FALSE,NA
2014,3468,Russell Westbrook,FALSE,TRUE,62,32,32,20,3,3,46,46,FALSE,34.0625,32,-13,FALSE,FALSE,TRUE,FALSE,NA
2014,3989,Blake Griffin,FALSE,TRUE,62,62,62,20,3,3,79,80,TRUE,37.41935483870968,62,17,FALSE,TRUE,TRUE,FALSE,NA
2014,3992,James Harden,FALSE,TRUE,62,54,54,20,3,3,73,73,TRUE,34.888888888888886,54,9,FALSE,TRUE,TRUE,FALSE,NA
2014,3995,Jrue Holiday,FALSE,FALSE,62,34,34,20,0,3,34,34,FALSE,26.38235294117647,34,-11,FALSE,FALSE,FALSE,FALSE,NA
2014,4251,Paul George,FALSE,TRUE,62,62,62,19,3,3,79,79,TRUE,32.435483870967744,62,16,FALSE,TRUE,TRUE,FALSE,NA
2014,592,Steve Nash,FALSE,FALSE,62,9,8,20,0,3,11,15,FALSE,14,10,-36,FALSE,FALSE,FALSE,FALSE,NA
2014,609,Dirk Nowitzki,FALSE,FALSE,62,60,60,20,3,3,80,80,TRUE,30.366666666666667,60,15,FALSE,TRUE,TRUE,FALSE,NA
2014,6442,Kyrie Irving,FALSE,FALSE,62,59,59,20,3,3,70,71,TRUE,31.25423728813559,59,14,FALSE,TRUE,TRUE,FALSE,NA
2014,662,Paul Pierce,FALSE,FALSE,62,53,51,20,3,3,69,75,FALSE,20.596491228070175,57,8,FALSE,TRUE,TRUE,TRUE,6-8
2014,9,Ray Allen,FALSE,FALSE,62,57,55,20,3,3,71,73,FALSE,13.913793103448276,58,12,FALSE,TRUE,TRUE,FALSE,NA
2014,984,Tyson Chandler,FALSE,TRUE,62,36,34,20,3,3,52,55,FALSE,20.55263157894737,38,-9,FALSE,FALSE,TRUE,FALSE,NA
2014,996,Pau Gasol,FALSE,FALSE,62,52,52,20,3,3,60,60,TRUE,30.76923076923077,52,7,FALSE,FALSE,TRUE,TRUE,6-8
2015,1007,Joe Johnson,FALSE,FALSE,62,60,60,20,3,3,80,80,FALSE,23.283333333333335,60,15,FALSE,TRUE,TRUE,FALSE,NA
2015,1015,Tony Parker,FALSE,TRUE,62,47,45,20,3,3,66,68,FALSE,21.1875,48,2,FALSE,TRUE,TRUE,TRUE,0-2
2015,1017,Zach Randolph,FALSE,FALSE,62,52,51,20,3,3,71,71,TRUE,29.75,52,7,FALSE,TRUE,TRUE,TRUE,6-8
2015,110,Kobe Bryant,FALSE,FALSE,62,35,35,20,0,3,35,35,FALSE,33.65714285714286,35,-10,FALSE,FALSE,FALSE,FALSE,NA
2015,1966,LeBron James,FALSE,TRUE,62,51,51,20,2,3,69,69,TRUE,39.13725490196079,51,6,FALSE,TRUE,TRUE,TRUE,6-8
2015,1975,Carmelo Anthony,FALSE,TRUE,62,40,38,20,0,3,40,40,TRUE,33.8,40,-5,FALSE,FALSE,FALSE,FALSE,NA
2015,1977,Chris Bosh,FALSE,FALSE,62,44,44,20,0,3,44,44,TRUE,30.295454545454547,44,-1,FALSE,FALSE,FALSE,FALSE,NA
2015,1987,Dwyane Wade,FALSE,FALSE,62,44,42,20,2,3,61,62,TRUE,29.977272727272727,44,-1,FALSE,FALSE,TRUE,FALSE,NA
2015,215,Tim Duncan,FALSE,TRUE,62,55,53,20,3,3,74,77,FALSE,26.50877192982456,57,10,FALSE,TRUE,TRUE,FALSE,NA
2015,2384,Dwight Howard,FALSE,TRUE,62,31,31,20,0,3,39,41,FALSE,28.6875,32,-14,FALSE,FALSE,FALSE,FALSE,NA
2015,2386,Andre Iguodala,FALSE,TRUE,62,58,56,20,3,3,74,77,FALSE,13.745762711864407,59,13,FALSE,TRUE,TRUE,FALSE,NA
2015,2389,Al Jefferson,FALSE,TRUE,62,53,52,20,3,3,64,65,TRUE,27.9811320754717,53,8,FALSE,FALSE,TRUE,TRUE,6-8
2015,2429,Luol Deng,FALSE,FALSE,62,54,53,20,1,3,72,72,FALSE,21.48148148148148,54,9,FALSE,TRUE,FALSE,FALSE,NA
2015,261,Kevin Garnett,FALSE,FALSE,59,26,24,20,2,3,26,47,FALSE,15.127659574468085,47,-19,FALSE,FALSE,TRUE,FALSE,NA
2015,2772,David Lee,FALSE,FALSE,62,17,15,20,1,3,24,49,FALSE,15.694444444444445,36,-28,FALSE,FALSE,FALSE,FALSE,NA
2015,2779,Chris Paul,FALSE,TRUE,62,62,62,20,3,3,82,82,TRUE,33.38709677419355,62,17,FALSE,TRUE,TRUE,FALSE,NA
2015,2798,Deron Williams,FALSE,FALSE,62,46,45,20,3,3,66,68,FALSE,22.270833333333332,48,1,FALSE,TRUE,TRUE,TRUE,0-2
2015,2983,LaMarcus Aldridge,FALSE,TRUE,62,54,54,20,3,3,70,71,TRUE,35.6,55,9,FALSE,TRUE,TRUE,FALSE,NA
2015,3015,Paul Millsap,FALSE,FALSE,62,60,60,20,2,3,73,73,TRUE,27.966666666666665,60,15,FALSE,TRUE,TRUE,FALSE,NA
2015,3026,Rajon Rondo,FALSE,FALSE,58,48,47,20,2,3,67,68,FALSE,22.877551020408163,49,3,FALSE,TRUE,TRUE,TRUE,3-5
2015,3202,Kevin Durant,FALSE,TRUE,62,27,26,20,0,3,27,27,FALSE,36.074074074074076,27,-18,FALSE,FALSE,FALSE,FALSE,NA
2015,3206,Marc Gasol,FALSE,TRUE,62,62,62,20,3,3,80,81,TRUE,29.741935483870968,62,17,FALSE,TRUE,TRUE,FALSE,NA
2015,3224,Joakim Noah,FALSE,TRUE,62,50,49,20,3,3,66,67,FALSE,22.019607843137255,51,5,FALSE,TRUE,TRUE,TRUE,3-5
2015,3423,Goran Dragic,FALSE,TRUE,63,60,58,20,2,3,78,78,FALSE,23.95,60,15,FALSE,TRUE,TRUE,FALSE,NA
2015,3436,Roy Hibbert,FALSE,TRUE,62,49,47,20,2,3,63,76,FALSE,19.017543859649123,57,4,FALSE,FALSE,TRUE,TRUE,3-5
2015,3448,Brook Lopez,FALSE,FALSE,62,46,44,20,3,3,66,72,FALSE,22.78846153846154,52,1,FALSE,TRUE,TRUE,TRUE,0-2
2015,3449,Kevin Love,FALSE,TRUE,62,59,59,20,3,3,75,75,TRUE,29.47457627118644,59,14,FALSE,TRUE,TRUE,FALSE,NA
2015,3456,Derrick Rose,FALSE,FALSE,62,45,45,20,0,3,49,51,FALSE,26.543478260869566,46,0,FALSE,FALSE,FALSE,TRUE,0-2
2015,3468,Russell Westbrook,FALSE,FALSE,62,46,45,20,2,3,66,67,TRUE,42.48936170212766,47,1,FALSE,TRUE,TRUE,TRUE,0-2
2015,3975,Stephen Curry,FALSE,TRUE,62,61,61,20,3,3,80,80,TRUE,35.9344262295082,61,16,FALSE,TRUE,TRUE,FALSE,NA
2015,3978,DeMar DeRozan,FALSE,FALSE,62,41,41,20,3,3,60,60,FALSE,25.926829268292682,41,-4,FALSE,FALSE,TRUE,FALSE,NA
2015,3989,Blake Griffin,FALSE,TRUE,62,51,51,20,0,3,67,67,TRUE,35.21568627450981,51,6,FALSE,TRUE,FALSE,TRUE,6-8
2015,3992,James Harden,FALSE,TRUE,62,61,61,20,2,3,81,81,TRUE,40.08196721311475,61,16,FALSE,TRUE,TRUE,FALSE,NA
2015,3995,Jrue Holiday,FALSE,FALSE,62,37,36,20,0,3,39,40,FALSE,25.81081081081081,37,-8,FALSE,FALSE,FALSE,FALSE,NA
2015,4237,John Wall,FALSE,FALSE,62,62,62,20,3,3,79,79,TRUE,31.548387096774192,62,17,FALSE,TRUE,TRUE,FALSE,NA
2015,4251,Paul George,FALSE,TRUE,62,0,0,20,0,3,2,6,FALSE,NA,0,-45,FALSE,FALSE,FALSE,FALSE,NA
2015,592,Steve Nash,FALSE,FALSE,62,0,0,20,0,3,0,0,FALSE,NA,NA,-45,FALSE,FALSE,FALSE,FALSE,NA
2015,609,Dirk Nowitzki,FALSE,TRUE,62,58,58,20,3,3,77,77,FALSE,25.67241379310345,58,13,FALSE,TRUE,TRUE,FALSE,NA
2015,6442,Kyrie Irving,FALSE,FALSE,62,57,57,20,1,3,75,75,TRUE,30.035087719298247,57,12,FALSE,TRUE,FALSE,FALSE,NA
2015,6583,Anthony Davis,FALSE,TRUE,62,47,47,20,2,3,65,68,TRUE,36.38,50,2,FALSE,TRUE,TRUE,TRUE,0-2
2015,6606,Damian Lillard,FALSE,TRUE,62,62,62,20,3,3,82,82,TRUE,32.32258064516129,62,17,FALSE,TRUE,TRUE,FALSE,NA
2015,662,Paul Pierce,FALSE,FALSE,62,56,54,20,3,3,69,73,FALSE,18.771929824561404,57,11,FALSE,TRUE,TRUE,FALSE,NA
2015,984,Tyson Chandler,FALSE,FALSE,62,55,54,20,0,3,74,75,FALSE,23.517857142857142,56,10,FALSE,TRUE,FALSE,FALSE,NA
2016,1007,Joe Johnson,FALSE,FALSE,61,61,60,20,3,3,81,81,FALSE,19.75409836065574,61,16,FALSE,TRUE,TRUE,FALSE,NA
2016,1015,Tony Parker,FALSE,FALSE,62,56,54,20,3,3,71,72,FALSE,19.964912280701753,57,11,FALSE,TRUE,TRUE,FALSE,NA
2016,1017,Zach Randolph,FALSE,FALSE,62,56,55,20,3,3,67,68,FALSE,24.280701754385966,57,11,FALSE,TRUE,TRUE,FALSE,NA
2016,110,Kobe Bryant,FALSE,FALSE,62,49,47,20,1,3,63,66,FALSE,24.18,50,4,FALSE,FALSE,FALSE,TRUE,3-5
2016,1966,LeBron James,FALSE,TRUE,62,60,60,20,3,3,76,76,TRUE,38.85,60,15,FALSE,TRUE,TRUE,FALSE,NA
2016,1975,Carmelo Anthony,FALSE,FALSE,62,55,54,20,3,3,72,72,TRUE,33.74545454545454,55,10,FALSE,TRUE,TRUE,FALSE,NA
2016,1977,Chris Bosh,FALSE,FALSE,62,53,53,20,0,3,53,53,TRUE,28.830188679245282,53,8,FALSE,FALSE,FALSE,TRUE,6-8
2016,1987,Dwyane Wade,FALSE,FALSE,62,57,56,20,3,3,74,74,FALSE,28.12280701754386,57,12,FALSE,TRUE,TRUE,FALSE,NA
2016,2011,Kyle Korver,FALSE,FALSE,62,60,59,20,3,3,80,80,FALSE,14.933333333333334,60,15,FALSE,TRUE,TRUE,FALSE,NA
2016,215,Tim Duncan,FALSE,TRUE,62,42,40,20,2,3,55,61,FALSE,18.73913043478261,46,-3,FALSE,FALSE,TRUE,FALSE,NA
2016,2384,Dwight Howard,FALSE,FALSE,62,50,50,20,3,3,70,71,FALSE,28.137254901960784,51,5,FALSE,TRUE,TRUE,TRUE,3-5
2016,2389,Al Jefferson,FALSE,FALSE,62,25,23,20,3,3,39,47,FALSE,19.714285714285715,28,-20,FALSE,FALSE,TRUE,FALSE,NA
2016,2429,Luol Deng,FALSE,FALSE,62,55,55,20,3,3,74,74,FALSE,18.745454545454546,55,10,FALSE,TRUE,TRUE,FALSE,NA
2016,261,Kevin Garnett,FALSE,FALSE,62,7,5,20,0,3,7,38,FALSE,8.789473684210526,38,-38,FALSE,FALSE,FALSE,FALSE,NA
2016,2772,David Lee,FALSE,FALSE,60,10,8,20,3,3,16,55,FALSE,14.228571428571428,35,-35,FALSE,FALSE,TRUE,FALSE,NA
2016,2779,Chris Paul,FALSE,TRUE,62,57,57,20,3,3,74,74,TRUE,33.666666666666664,57,12,FALSE,TRUE,TRUE,FALSE,NA
2016,2983,LaMarcus Aldridge,FALSE,TRUE,62,57,55,20,2,3,73,74,FALSE,27.035087719298247,57,12,FALSE,TRUE,TRUE,FALSE,NA
2016,3012,Kyle Lowry,FALSE,FALSE,62,61,61,20,3,3,77,77,TRUE,33.01639344262295,61,16,FALSE,TRUE,TRUE,FALSE,NA
2016,3015,Paul Millsap,FALSE,FALSE,62,60,60,20,3,3,80,81,TRUE,29.262295081967213,61,15,FALSE,TRUE,TRUE,FALSE,NA
2016,3202,Kevin Durant,FALSE,FALSE,62,55,54,20,3,3,72,72,TRUE,40.89090909090909,55,10,FALSE,TRUE,TRUE,FALSE,NA
2016,3206,Marc Gasol,FALSE,TRUE,62,51,50,20,0,3,51,52,FALSE,27.28846153846154,52,6,FALSE,FALSE,FALSE,TRUE,6-8
2016,3213,Al Horford,FALSE,FALSE,62,62,62,20,3,3,82,82,FALSE,25.64516129032258,62,17,FALSE,TRUE,TRUE,FALSE,NA
2016,3224,Joakim Noah,FALSE,TRUE,62,21,19,20,0,3,21,29,FALSE,16.862068965517242,29,-24,FALSE,FALSE,FALSE,FALSE,NA
2016,3423,Goran Dragic,FALSE,FALSE,62,53,53,20,3,3,72,72,FALSE,22.547169811320753,53,8,FALSE,TRUE,TRUE,TRUE,6-8
2016,3436,Roy Hibbert,FALSE,FALSE,62,53,51,20,3,3,66,81,FALSE,12.721311475409836,61,8,FALSE,TRUE,TRUE,TRUE,6-8
2016,3442,DeAndre Jordan,FALSE,TRUE,62,60,59,20,3,3,77,77,FALSE,27.683333333333334,60,15,FALSE,TRUE,TRUE,FALSE,NA
2016,3448,Brook Lopez,FALSE,FALSE,62,62,60,20,3,3,72,73,TRUE,30.532258064516128,62,17,FALSE,TRUE,TRUE,FALSE,NA
2016,3449,Kevin Love,FALSE,FALSE,62,60,60,20,2,3,77,77,FALSE,28.183333333333334,60,15,FALSE,TRUE,TRUE,FALSE,NA
2016,3468,Russell Westbrook,FALSE,TRUE,62,62,61,20,3,3,80,80,TRUE,42.04838709677419,62,17,FALSE,TRUE,TRUE,FALSE,NA
2016,3975,Stephen Curry,FALSE,TRUE,62,58,58,20,3,3,78,79,TRUE,42.57627118644068,59,13,FALSE,TRUE,TRUE,FALSE,NA
2016,3978,DeMar DeRozan,FALSE,FALSE,62,62,62,20,3,3,78,78,TRUE,31.758064516129032,62,17,FALSE,TRUE,TRUE,FALSE,NA
2016,3989,Blake Griffin,FALSE,TRUE,62,30,29,20,0,3,35,35,FALSE,36.86666666666667,30,-15,FALSE,FALSE,FALSE,FALSE,NA
2016,3992,James Harden,FALSE,TRUE,62,62,62,20,3,3,82,82,TRUE,42.145161290322584,62,17,FALSE,TRUE,TRUE,FALSE,NA
2016,3995,Jrue Holiday,FALSE,FALSE,62,54,53,20,3,3,63,65,FALSE,24.660714285714285,56,9,FALSE,FALSE,TRUE,FALSE,NA
2016,4015,Jeff Teague,FALSE,FALSE,62,59,58,20,3,3,79,79,FALSE,23.1864406779661,59,14,FALSE,TRUE,TRUE,FALSE,NA
2016,4237,John Wall,FALSE,FALSE,62,62,62,20,3,3,77,77,TRUE,34.67741935483871,62,17,FALSE,TRUE,TRUE,FALSE,NA
2016,4251,Paul George,FALSE,FALSE,62,62,62,20,3,3,81,81,TRUE,34.74193548387097,62,17,FALSE,TRUE,TRUE,FALSE,NA
2016,4258,DeMarcus Cousins,FALSE,TRUE,62,52,51,20,3,3,64,65,TRUE,42.132075471698116,53,7,FALSE,FALSE,TRUE,TRUE,6-8
2016,609,Dirk Nowitzki,FALSE,FALSE,62,56,55,20,3,3,75,75,FALSE,25.892857142857142,56,11,FALSE,TRUE,TRUE,FALSE,NA
2016,6430,Jimmy Butler,FALSE,TRUE,62,49,48,20,1,3,67,67,TRUE,32.02040816326531,49,4,FALSE,TRUE,FALSE,TRUE,3-5
2016,6442,Kyrie Irving,FALSE,TRUE,62,35,33,20,3,3,52,53,FALSE,26.666666666666668,36,-10,FALSE,FALSE,TRUE,FALSE,NA
2016,6475,Klay Thompson,FALSE,TRUE,62,60,60,20,3,3,80,80,FALSE,27.75,60,15,FALSE,TRUE,TRUE,FALSE,NA
2016,6583,Anthony Davis,FALSE,TRUE,62,53,51,20,3,3,58,61,TRUE,36.10909090909091,55,8,FALSE,FALSE,TRUE,TRUE,6-8
2016,6606,Damian Lillard,FALSE,FALSE,62,55,54,20,3,3,75,75,TRUE,36.527272727272724,55,10,FALSE,TRUE,TRUE,FALSE,NA
2016,984,Tyson Chandler,FALSE,FALSE,62,37,35,20,3,3,50,66,FALSE,15.294117647058824,51,-8,FALSE,FALSE,TRUE,FALSE,NA
2016,996,Pau Gasol,FALSE,TRUE,62,59,59,20,3,3,72,72,TRUE,32.08474576271186,59,14,FALSE,TRUE,TRUE,FALSE,NA
2017,1007,Joe Johnson,FALSE,FALSE,62,45,43,20,2,3,61,78,FALSE,13.116666666666667,60,0,FALSE,FALSE,TRUE,TRUE,0-2
2017,1015,Tony Parker,FALSE,FALSE,62,48,46,20,3,3,61,63,FALSE,17.270833333333332,48,3,FALSE,FALSE,TRUE,TRUE,3-5
2017,1966,LeBron James,FALSE,TRUE,62,57,57,20,2,3,74,74,TRUE,43.03508771929825,57,12,FALSE,TRUE,TRUE,FALSE,NA
2017,1975,Carmelo Anthony,FALSE,FALSE,62,60,58,19,3,3,72,73,TRUE,31.75409836065574,61,14,FALSE,TRUE,TRUE,FALSE,NA
2017,1987,Dwyane Wade,FALSE,FALSE,62,53,53,20,3,3,60,60,FALSE,27.471698113207548,53,8,FALSE,FALSE,TRUE,TRUE,6-8
2017,2011,Kyle Korver,FALSE,FALSE,62,56,54,20,3,3,61,67,FALSE,14.827586206896552,58,11,FALSE,FALSE,TRUE,FALSE,NA
2017,2384,Dwight Howard,FALSE,FALSE,62,56,54,19,3,3,72,73,FALSE,27.403508771929825,57,10,FALSE,TRUE,TRUE,FALSE,NA
2017,2389,Al Jefferson,FALSE,FALSE,62,8,6,20,1,3,8,66,FALSE,13.724137931034482,58,-37,FALSE,FALSE,FALSE,FALSE,NA
2017,2779,Chris Paul,FALSE,TRUE,62,40,40,20,3,3,60,61,TRUE,32.170731707317074,41,-5,FALSE,FALSE,TRUE,FALSE,NA
2017,2983,LaMarcus Aldridge,FALSE,TRUE,62,57,57,20,3,3,72,72,FALSE,26.771929824561404,57,12,FALSE,TRUE,TRUE,FALSE,NA
2017,3012,Kyle Lowry,FALSE,TRUE,62,56,56,20,0,3,60,60,TRUE,34.392857142857146,56,11,FALSE,FALSE,FALSE,FALSE,NA
2017,3015,Paul Millsap,FALSE,TRUE,62,59,59,19,3,3,68,68,FALSE,29.16949152542373,59,13,FALSE,TRUE,TRUE,FALSE,NA
2017,3202,Kevin Durant,FALSE,TRUE,62,58,58,20,1,3,61,62,TRUE,38.33898305084746,59,13,FALSE,FALSE,FALSE,FALSE,NA
2017,3206,Marc Gasol,FALSE,FALSE,62,59,59,20,3,3,74,74,TRUE,31.06779661016949,59,14,FALSE,TRUE,TRUE,FALSE,NA
2017,3213,Al Horford,FALSE,TRUE,62,50,50,20,3,3,68,68,FALSE,25.58,50,5,FALSE,TRUE,TRUE,TRUE,3-5
2017,3224,Joakim Noah,FALSE,FALSE,62,30,28,19,0,3,30,45,FALSE,15.844444444444445,45,-16,FALSE,FALSE,FALSE,FALSE,NA
2017,3423,Goran Dragic,FALSE,FALSE,62,54,54,20,3,3,73,73,TRUE,30.055555555555557,54,9,FALSE,TRUE,TRUE,FALSE,NA
2017,3436,Roy Hibbert,FALSE,FALSE,55,8,6,20,1,3,8,48,FALSE,9,43,-37,FALSE,FALSE,FALSE,FALSE,NA
2017,3442,DeAndre Jordan,FALSE,TRUE,62,62,62,20,3,3,81,81,FALSE,26.887096774193548,62,17,FALSE,TRUE,TRUE,FALSE,NA
2017,3449,Kevin Love,FALSE,FALSE,62,45,44,20,0,3,59,60,TRUE,33.02173913043478,46,0,FALSE,FALSE,FALSE,TRUE,0-2
2017,3468,Russell Westbrook,FALSE,TRUE,62,62,62,20,3,3,81,81,TRUE,52.5,62,17,FALSE,TRUE,TRUE,FALSE,NA
2017,3975,Stephen Curry,FALSE,TRUE,62,61,61,20,3,3,79,79,TRUE,35.65573770491803,61,16,FALSE,TRUE,TRUE,FALSE,NA
2017,3978,DeMar DeRozan,FALSE,FALSE,62,55,55,20,3,3,74,74,TRUE,37.018181818181816,55,10,FALSE,TRUE,TRUE,FALSE,NA
2017,3989,Blake Griffin,FALSE,FALSE,62,42,42,20,3,3,61,61,TRUE,35.76190476190476,42,-3,FALSE,FALSE,TRUE,FALSE,NA
2017,3992,James Harden,FALSE,TRUE,62,62,62,20,3,3,81,81,TRUE,48.08064516129032,62,17,FALSE,TRUE,TRUE,FALSE,NA
2017,4015,Jeff Teague,FALSE,FALSE,62,62,61,20,3,3,82,82,FALSE,27.580645161290324,62,17,FALSE,TRUE,TRUE,FALSE,NA
2017,4237,John Wall,FALSE,FALSE,62,60,60,20,3,3,78,78,TRUE,38,60,15,FALSE,TRUE,TRUE,FALSE,NA
2017,4251,Paul George,FALSE,TRUE,62,55,54,20,3,3,75,75,TRUE,31.327272727272728,55,10,FALSE,TRUE,TRUE,FALSE,NA
2017,4258,DeMarcus Cousins,FALSE,TRUE,62,59,59,20,2,3,72,72,TRUE,43.152542372881356,59,14,FALSE,TRUE,TRUE,FALSE,NA
2017,609,Dirk Nowitzki,FALSE,FALSE,62,33,31,20,3,3,49,54,FALSE,21.833333333333332,36,-12,FALSE,FALSE,TRUE,FALSE,NA
2017,6430,Jimmy Butler,FALSE,TRUE,62,56,56,20,3,3,76,76,TRUE,35.125,56,11,FALSE,TRUE,TRUE,FALSE,NA
2017,6442,Kyrie Irving,FALSE,FALSE,62,55,55,20,2,3,72,72,TRUE,34.345454545454544,55,10,FALSE,TRUE,TRUE,FALSE,NA
2017,6450,Kawhi Leonard,FALSE,TRUE,62,57,57,20,3,3,73,74,TRUE,35.719298245614034,57,12,FALSE,TRUE,TRUE,FALSE,NA
2017,6472,Isaiah Thomas,FALSE,FALSE,62,58,58,20,3,3,76,76,TRUE,38.327586206896555,58,13,FALSE,TRUE,TRUE,FALSE,NA
2017,6475,Klay Thompson,FALSE,TRUE,62,60,60,20,3,3,78,78,FALSE,27.633333333333333,60,15,FALSE,TRUE,TRUE,FALSE,NA
2017,6583,Anthony Davis,FALSE,TRUE,62,58,56,20,3,3,74,75,TRUE,42.206896551724135,58,13,FALSE,TRUE,TRUE,FALSE,NA
2017,6585,Andre Drummond,FALSE,TRUE,62,60,58,20,3,3,80,81,FALSE,29.59016393442623,61,15,FALSE,TRUE,TRUE,FALSE,NA
2017,6589,Draymond Green,FALSE,TRUE,62,59,58,20,3,3,76,76,FALSE,25.576271186440678,59,14,FALSE,TRUE,TRUE,FALSE,NA
2017,6606,Damian Lillard,FALSE,TRUE,62,57,57,20,3,3,75,75,TRUE,36.89473684210526,57,12,FALSE,TRUE,TRUE,FALSE,NA
2017,996,Pau Gasol,FALSE,FALSE,62,41,39,20,3,3,56,64,FALSE,22.57777777777778,45,-4,FALSE,FALSE,TRUE,FALSE,NA
2018,1966,LeBron James,FALSE,TRUE,62,62,62,20,3,3,81,82,TRUE,44.16129032258065,62,17,FALSE,TRUE,TRUE,FALSE,NA
2018,1975,Carmelo Anthony,FALSE,FALSE,62,58,58,20,3,3,77,78,FALSE,24.28813559322034,59,13,FALSE,TRUE,TRUE,FALSE,NA
2018,1987,Dwyane Wade,FALSE,FALSE,59,43,41,20,3,3,52,67,FALSE,18.867924528301888,53,-2,FALSE,FALSE,TRUE,FALSE,NA
2018,2011,Kyle Korver,FALSE,FALSE,62,43,41,20,3,3,51,73,FALSE,12.35483870967742,62,-2,FALSE,FALSE,TRUE,FALSE,NA
2018,2779,Chris Paul,FALSE,FALSE,62,44,44,20,3,3,58,58,TRUE,32.5,44,-1,FALSE,FALSE,TRUE,FALSE,NA
2018,2983,LaMarcus Aldridge,FALSE,TRUE,62,56,56,20,3,3,74,75,TRUE,32.73684210526316,57,11,FALSE,TRUE,TRUE,FALSE,NA
2018,3012,Kyle Lowry,FALSE,FALSE,62,58,58,20,3,3,77,78,FALSE,28.71186440677966,59,13,FALSE,TRUE,TRUE,FALSE,NA
2018,3015,Paul Millsap,FALSE,FALSE,62,17,16,20,2,3,37,38,FALSE,24.166666666666668,18,-28,FALSE,FALSE,TRUE,FALSE,NA
2018,3032976,Rudy Gobert,FALSE,TRUE,62,35,35,20,3,3,55,56,FALSE,24.583333333333332,36,-10,FALSE,FALSE,TRUE,FALSE,NA
2018,3032977,Giannis Antetokounmpo,FALSE,TRUE,62,58,58,20,3,3,75,75,TRUE,42.224137931034484,58,13,FALSE,TRUE,TRUE,FALSE,NA
2018,3202,Kevin Durant,FALSE,TRUE,62,54,54,20,3,3,68,68,TRUE,38.18518518518518,54,9,FALSE,TRUE,TRUE,FALSE,NA
2018,3206,Marc Gasol,FALSE,FALSE,62,59,58,20,2,3,73,73,TRUE,30.305084745762713,59,14,FALSE,TRUE,TRUE,FALSE,NA
2018,3213,Al Horford,FALSE,FALSE,62,57,57,19,3,3,71,71,FALSE,25.31578947368421,57,11,FALSE,TRUE,TRUE,FALSE,NA
2018,3442,DeAndre Jordan,FALSE,TRUE,62,56,56,20,3,3,76,77,FALSE,28.228070175438596,57,11,FALSE,TRUE,TRUE,FALSE,NA
2018,3468,Russell Westbrook,FALSE,TRUE,62,60,60,20,3,3,80,80,TRUE,44.75,60,15,FALSE,TRUE,TRUE,FALSE,NA
2018,3975,Stephen Curry,FALSE,TRUE,62,47,47,20,3,3,50,51,TRUE,38.340425531914896,47,2,FALSE,FALSE,TRUE,TRUE,0-2
2018,3978,DeMar DeRozan,FALSE,TRUE,62,62,62,20,3,3,80,80,TRUE,32.806451612903224,62,17,FALSE,TRUE,TRUE,FALSE,NA
2018,3989,Blake Griffin,FALSE,FALSE,62,45,45,20,3,3,57,58,TRUE,34.47826086956522,46,0,FALSE,FALSE,TRUE,TRUE,0-2
2018,3992,James Harden,FALSE,TRUE,62,55,55,20,3,3,72,72,TRUE,45.236363636363635,55,10,FALSE,TRUE,TRUE,FALSE,NA
2018,4015,Jeff Teague,FALSE,FALSE,62,51,51,20,3,3,70,70,FALSE,23.11764705882353,51,6,FALSE,TRUE,TRUE,TRUE,6-8
2018,4237,John Wall,FALSE,TRUE,62,37,36,20,0,3,41,41,FALSE,32.189189189189186,37,-8,FALSE,FALSE,FALSE,FALSE,NA
2018,4249,Gordon Hayward,FALSE,FALSE,62,0,0,19,0,3,0,1,FALSE,3,1,-46,FALSE,FALSE,FALSE,FALSE,NA
2018,4251,Paul George,FALSE,FALSE,62,59,58,20,3,3,79,79,TRUE,31.016949152542374,59,14,FALSE,TRUE,TRUE,FALSE,NA
2018,4258,DeMarcus Cousins,FALSE,FALSE,62,48,48,20,0,3,48,48,TRUE,43.416666666666664,48,3,FALSE,FALSE,FALSE,TRUE,3-5
2018,609,Dirk Nowitzki,FALSE,FALSE,62,60,58,20,3,3,75,77,FALSE,19.557377049180328,61,15,FALSE,TRUE,TRUE,FALSE,NA
2018,6430,Jimmy Butler,FALSE,TRUE,62,56,56,20,3,3,59,59,TRUE,32.625,56,11,FALSE,FALSE,TRUE,FALSE,NA
2018,6442,Kyrie Irving,FALSE,FALSE,62,55,55,19,3,3,58,59,TRUE,33.642857142857146,56,9,FALSE,FALSE,TRUE,FALSE,NA
2018,6450,Kawhi Leonard,FALSE,TRUE,62,8,6,20,0,3,8,9,FALSE,23.22222222222222,9,-37,FALSE,FALSE,FALSE,FALSE,NA
2018,6472,Isaiah Thomas,FALSE,TRUE,61,22,20,20,3,3,31,32,FALSE,21.82608695652174,23,-23,FALSE,FALSE,TRUE,FALSE,NA
2018,6475,Klay Thompson,FALSE,FALSE,62,61,61,20,3,3,73,73,FALSE,26.229508196721312,61,16,FALSE,TRUE,TRUE,FALSE,NA
2018,6479,Kemba Walker,FALSE,FALSE,62,60,60,20,3,3,80,80,TRUE,32.06666666666667,60,15,FALSE,TRUE,TRUE,FALSE,NA
2018,6583,Anthony Davis,FALSE,TRUE,62,55,54,20,3,3,74,75,TRUE,41.535714285714285,56,10,FALSE,TRUE,TRUE,FALSE,NA
2018,6585,Andre Drummond,FALSE,FALSE,62,60,60,20,3,3,78,78,TRUE,34.18333333333333,60,15,FALSE,TRUE,TRUE,FALSE,NA
2018,6589,Draymond Green,FALSE,TRUE,62,53,52,20,3,3,68,70,FALSE,26.5,54,8,FALSE,TRUE,TRUE,TRUE,6-8
2018,6606,Damian Lillard,FALSE,FALSE,62,55,55,20,3,3,73,73,TRUE,37.6,55,10,FALSE,TRUE,TRUE,FALSE,NA
2018,996,Pau Gasol,FALSE,FALSE,62,52,50,20,2,3,61,77,FALSE,22.396551724137932,58,7,FALSE,FALSE,TRUE,TRUE,6-8
2019,1966,LeBron James,FALSE,TRUE,62,44,44,20,3,3,55,55,TRUE,43.54545454545455,44,-1,FALSE,FALSE,TRUE,FALSE,NA
2019,1975,Carmelo Anthony,FALSE,FALSE,62,10,10,20,0,3,10,10,FALSE,19.3,10,-35,FALSE,FALSE,FALSE,FALSE,NA
2019,1987,Dwyane Wade,FALSE,FALSE,62,51,50,20,3,3,71,72,FALSE,22.173076923076923,52,6,FALSE,TRUE,TRUE,TRUE,6-8
2019,2527963,Victor Oladipo,FALSE,TRUE,62,34,34,20,0,3,34,36,FALSE,29.52777777777778,36,-11,FALSE,FALSE,FALSE,FALSE,NA
2019,2779,Chris Paul,FALSE,FALSE,62,38,38,20,3,3,57,58,FALSE,28.71794871794872,39,-7,FALSE,FALSE,TRUE,FALSE,NA
2019,2983,LaMarcus Aldridge,FALSE,TRUE,62,61,61,20,3,3,81,81,TRUE,32.19672131147541,61,16,FALSE,TRUE,TRUE,FALSE,NA
2019,3012,Kyle Lowry,FALSE,FALSE,62,50,50,20,3,3,65,65,FALSE,27.96,50,5,FALSE,TRUE,TRUE,TRUE,3-5
2019,3015,Paul Millsap,FALSE,FALSE,62,49,47,20,3,3,67,70,FALSE,21.470588235294116,51,4,FALSE,TRUE,TRUE,TRUE,3-5
2019,3032976,Rudy Gobert,FALSE,TRUE,62,61,61,20,3,3,80,81,FALSE,30.225806451612904,62,16,FALSE,TRUE,TRUE,FALSE,NA
2019,3032977,Giannis Antetokounmpo,FALSE,TRUE,62,57,55,20,2,3,72,72,TRUE,45.36842105263158,57,12,FALSE,TRUE,TRUE,FALSE,NA
2019,3059318,Joel Embiid,FALSE,TRUE,62,54,54,20,0,3,64,64,TRUE,44.24074074074074,54,9,FALSE,FALSE,FALSE,FALSE,NA
2019,3136195,Karl-Anthony Towns,FALSE,TRUE,62,60,60,20,3,3,77,77,TRUE,39.5,60,15,FALSE,TRUE,TRUE,FALSE,NA
2019,3202,Kevin Durant,FALSE,TRUE,62,61,61,20,2,3,78,78,TRUE,40.22950819672131,61,16,FALSE,TRUE,TRUE,FALSE,NA
2019,3206,Marc Gasol,FALSE,FALSE,61,58,56,20,3,3,76,79,FALSE,27.983050847457626,59,13,FALSE,TRUE,TRUE,FALSE,NA
2019,3213,Al Horford,FALSE,TRUE,62,52,50,20,3,3,68,68,FALSE,23.75,52,7,FALSE,TRUE,TRUE,TRUE,6-8
2019,3423,Goran Dragic,FALSE,FALSE,62,18,16,20,2,3,32,36,FALSE,22.5,18,-27,FALSE,FALSE,TRUE,FALSE,NA
2019,3442,DeAndre Jordan,FALSE,FALSE,62,58,58,19,0,3,69,69,FALSE,26.603448275862068,58,12,FALSE,TRUE,FALSE,FALSE,NA
2019,3468,Russell Westbrook,FALSE,TRUE,62,54,54,20,3,3,73,73,TRUE,44.574074074074076,54,9,FALSE,TRUE,TRUE,FALSE,NA
2019,3975,Stephen Curry,FALSE,TRUE,62,51,51,20,3,3,68,69,TRUE,39.01960784313726,51,6,FALSE,TRUE,TRUE,TRUE,6-8
2019,3978,DeMar DeRozan,FALSE,TRUE,62,57,57,20,3,3,77,77,TRUE,33.80701754385965,57,12,FALSE,TRUE,TRUE,FALSE,NA
2019,3992,James Harden,FALSE,TRUE,62,58,58,20,3,3,78,78,TRUE,50.810344827586206,58,13,FALSE,TRUE,TRUE,FALSE,NA
2019,4237,John Wall,FALSE,FALSE,62,32,32,20,0,3,32,32,FALSE,33.0625,32,-13,FALSE,FALSE,FALSE,FALSE,NA
2019,4249,Gordon Hayward,FALSE,FALSE,62,56,54,20,3,3,69,72,FALSE,18.839285714285715,56,11,FALSE,TRUE,TRUE,FALSE,NA
2019,4251,Paul George,FALSE,TRUE,62,59,59,20,1,3,77,77,TRUE,40.983050847457626,59,14,FALSE,TRUE,FALSE,FALSE,NA
2019,4258,DeMarcus Cousins,FALSE,FALSE,62,15,13,20,2,3,29,30,FALSE,26.666666666666668,15,-30,FALSE,FALSE,TRUE,FALSE,NA
2019,6430,Jimmy Butler,FALSE,TRUE,60,49,49,20,3,3,64,65,FALSE,28.26,50,4,FALSE,FALSE,TRUE,TRUE,3-5
2019,6442,Kyrie Irving,FALSE,FALSE,62,50,50,20,3,3,66,67,TRUE,35.21568627450981,51,5,FALSE,TRUE,TRUE,TRUE,3-5
2019,6450,Kawhi Leonard,FALSE,FALSE,62,45,45,20,2,3,60,60,TRUE,37.644444444444446,45,0,FALSE,FALSE,TRUE,TRUE,0-2
2019,6472,Isaiah Thomas,FALSE,FALSE,62,3,1,20,3,3,4,12,FALSE,12.833333333333334,6,-42,FALSE,FALSE,TRUE,FALSE,NA
2019,6475,Klay Thompson,FALSE,TRUE,62,61,61,20,3,3,78,78,FALSE,28.24590163934426,61,16,FALSE,TRUE,TRUE,FALSE,NA
2019,6479,Kemba Walker,FALSE,FALSE,62,62,62,20,3,3,82,82,TRUE,35.17741935483871,62,17,FALSE,TRUE,TRUE,FALSE,NA
2019,6580,Bradley Beal,FALSE,FALSE,62,62,60,20,3,3,81,82,TRUE,36.274193548387096,62,17,FALSE,TRUE,TRUE,FALSE,NA
2019,6583,Anthony Davis,FALSE,TRUE,62,47,46,20,2,3,56,56,TRUE,44.40425531914894,47,2,FALSE,FALSE,TRUE,TRUE,0-2
2019,6585,Andre Drummond,FALSE,TRUE,62,58,58,20,3,3,78,79,TRUE,33.6271186440678,59,13,FALSE,TRUE,TRUE,FALSE,NA
2019,6589,Draymond Green,FALSE,TRUE,62,46,46,20,3,3,65,66,FALSE,21.574468085106382,47,1,FALSE,TRUE,TRUE,TRUE,0-2
2019,6606,Damian Lillard,FALSE,TRUE,62,61,61,20,3,3,80,80,TRUE,37,61,16,FALSE,TRUE,TRUE,FALSE,NA
2019,996,Pau Gasol,FALSE,FALSE,62,6,4,20,1,3,6,30,FALSE,10.777777777777779,27,-39,FALSE,FALSE,FALSE,FALSE,NA
2022,1966,LeBron James,FALSE,TRUE,62,45,45,20,3,3,56,56,TRUE,43.08888888888889,45,0,FALSE,FALSE,TRUE,TRUE,0-2
2022,2779,Chris Paul,FALSE,TRUE,62,58,57,20,0,3,65,65,FALSE,30.06896551724138,58,13,FALSE,TRUE,FALSE,FALSE,NA
2022,2983,LaMarcus Aldridge,FALSE,FALSE,62,32,30,20,3,3,35,47,FALSE,20.047619047619047,42,-13,FALSE,FALSE,TRUE,FALSE,NA
2022,3012,Kyle Lowry,FALSE,FALSE,62,48,47,20,2,3,63,63,FALSE,25.875,48,3,FALSE,FALSE,TRUE,TRUE,3-5
2022,3032976,Rudy Gobert,FALSE,TRUE,62,48,48,20,3,3,66,66,FALSE,31.708333333333332,48,3,FALSE,TRUE,TRUE,TRUE,3-5
2022,3032977,Giannis Antetokounmpo,FALSE,TRUE,62,51,51,20,3,3,67,67,TRUE,46.80392156862745,51,6,FALSE,TRUE,TRUE,TRUE,6-8
2022,3059318,Joel Embiid,FALSE,TRUE,62,50,50,20,3,3,68,68,TRUE,45.14,50,5,FALSE,TRUE,TRUE,TRUE,3-5
2022,3064440,Zach LaVine,FALSE,FALSE,62,49,49,20,3,3,66,67,TRUE,33.8,50,4,FALSE,TRUE,TRUE,TRUE,3-5
2022,3064514,Julius Randle,FALSE,TRUE,62,60,60,20,3,3,72,72,TRUE,35.03333333333333,60,15,FALSE,TRUE,TRUE,FALSE,NA
2022,3112335,Nikola Jokic,FALSE,TRUE,62,56,55,20,3,3,74,74,TRUE,47.214285714285715,56,11,FALSE,TRUE,TRUE,FALSE,NA
2022,3136193,Devin Booker,FALSE,FALSE,62,54,53,20,2,3,68,68,TRUE,35.48148148148148,54,9,FALSE,TRUE,TRUE,FALSE,NA
2022,3136195,Karl-Anthony Towns,FALSE,FALSE,62,55,55,20,3,3,74,74,TRUE,37.74545454545454,55,10,FALSE,TRUE,TRUE,FALSE,NA
2022,3136776,D'Angelo Russell,FALSE,FALSE,62,48,47,20,3,3,65,65,FALSE,29.708333333333332,48,3,FALSE,TRUE,TRUE,TRUE,3-5
2022,3149673,Pascal Siakam,FALSE,FALSE,62,49,49,20,3,3,68,68,TRUE,34.69387755102041,49,4,FALSE,TRUE,TRUE,TRUE,3-5
2022,3155942,Domantas Sabonis,FALSE,FALSE,61,53,53,20,3,3,62,62,TRUE,36.16981132075472,53,8,FALSE,FALSE,TRUE,TRUE,6-8
2022,3195,Mike Conley,FALSE,FALSE,62,56,56,20,3,3,72,72,FALSE,21.982142857142858,56,11,FALSE,TRUE,TRUE,FALSE,NA
2022,3202,Kevin Durant,FALSE,FALSE,62,35,35,20,0,3,54,55,FALSE,42.416666666666664,36,-10,FALSE,FALSE,FALSE,FALSE,NA
2022,3468,Russell Westbrook,FALSE,TRUE,62,61,61,20,3,3,78,78,TRUE,33.032786885245905,61,16,FALSE,TRUE,TRUE,FALSE,NA
2022,3907387,Ben Simmons,FALSE,TRUE,62,0,0,20,0,3,0,0,FALSE,NA,0,-45,FALSE,FALSE,FALSE,FALSE,NA
2022,3908809,Donovan Mitchell,FALSE,FALSE,62,50,50,20,3,3,67,67,TRUE,35.14,50,5,FALSE,TRUE,TRUE,TRUE,3-5
2022,3913176,Brandon Ingram,FALSE,FALSE,62,47,47,20,3,3,54,55,TRUE,33.458333333333336,48,2,FALSE,FALSE,TRUE,TRUE,0-2
2022,3917376,Jaylen Brown,FALSE,FALSE,62,48,48,20,3,3,65,66,TRUE,33.291666666666664,48,3,FALSE,TRUE,TRUE,TRUE,3-5
2022,3945274,Luka Doncic,FALSE,TRUE,62,47,47,20,3,3,65,65,TRUE,45.46808510638298,47,2,FALSE,TRUE,TRUE,TRUE,0-2
2022,3975,Stephen Curry,FALSE,TRUE,62,57,57,20,3,3,63,64,TRUE,37.578947368421055,57,12,FALSE,FALSE,TRUE,FALSE,NA
2022,3989,Blake Griffin,FALSE,FALSE,62,23,21,20,2,3,24,55,FALSE,12.7,50,-22,FALSE,FALSE,TRUE,FALSE,NA
2022,3992,James Harden,FALSE,TRUE,58,48,48,20,3,3,65,65,TRUE,41.104166666666664,48,3,FALSE,TRUE,TRUE,TRUE,3-5
2022,4065648,Jayson Tatum,FALSE,FALSE,62,58,58,20,3,3,76,76,TRUE,38.36206896551724,58,13,FALSE,TRUE,TRUE,FALSE,NA
2022,4066261,Bam Adebayo,FALSE,TRUE,62,37,37,20,3,3,56,56,FALSE,32.7027027027027,37,-8,FALSE,FALSE,TRUE,FALSE,NA
2022,4251,Paul George,FALSE,TRUE,62,26,26,20,0,3,31,31,FALSE,37.23076923076923,26,-19,FALSE,FALSE,FALSE,FALSE,NA
2022,4277905,Trae Young,FALSE,FALSE,62,57,57,20,3,3,76,76,TRUE,41.24561403508772,57,12,FALSE,TRUE,TRUE,FALSE,NA
2022,6430,Jimmy Butler III,FALSE,TRUE,62,42,41,20,3,3,56,57,TRUE,33.7906976744186,43,-3,FALSE,FALSE,TRUE,FALSE,NA
2022,6442,Kyrie Irving,FALSE,TRUE,62,15,15,20,1,3,29,29,FALSE,35.2,15,-30,FALSE,FALSE,FALSE,FALSE,NA
2022,6475,Klay Thompson,FALSE,FALSE,62,17,17,20,1,3,32,32,FALSE,23.941176470588236,17,-28,FALSE,FALSE,FALSE,FALSE,NA
2022,6478,Nikola Vucevic,FALSE,FALSE,62,55,55,20,3,3,73,73,TRUE,32.981818181818184,55,10,FALSE,TRUE,TRUE,FALSE,NA
2022,6479,Kemba Walker,FALSE,FALSE,62,32,30,20,0,3,32,37,FALSE,18.18918918918919,37,-13,FALSE,FALSE,FALSE,FALSE,NA
2022,6580,Bradley Beal,FALSE,TRUE,62,40,40,20,0,3,40,40,TRUE,34.55,40,-5,FALSE,FALSE,FALSE,FALSE,NA
2022,6583,Anthony Davis,FALSE,FALSE,62,36,35,20,0,3,39,40,FALSE,35.729729729729726,37,-9,FALSE,FALSE,FALSE,FALSE,NA
2022,6606,Damian Lillard,FALSE,TRUE,62,29,29,20,0,3,29,29,FALSE,35.41379310344828,29,-16,FALSE,FALSE,FALSE,FALSE,NA
2022,6609,Khris Middleton,FALSE,FALSE,62,50,50,20,3,3,66,66,FALSE,30.2,50,5,FALSE,TRUE,TRUE,TRUE,3-5
2023,1966,LeBron James,FALSE,TRUE,62,47,47,20,2,3,55,55,TRUE,44.8936170212766,47,2,FALSE,FALSE,TRUE,TRUE,0-2
2023,2779,Chris Paul,FALSE,TRUE,62,39,39,20,3,3,57,59,FALSE,26.951219512195124,41,-6,FALSE,FALSE,TRUE,FALSE,NA
2023,2991230,Fred VanVleet,FALSE,FALSE,62,50,50,20,0,3,69,69,FALSE,30.66,50,5,FALSE,TRUE,FALSE,TRUE,3-5
2023,3012,Kyle Lowry,FALSE,FALSE,62,44,44,20,0,3,54,55,FALSE,21.59090909090909,44,-1,FALSE,FALSE,FALSE,FALSE,NA
2023,3032976,Rudy Gobert,FALSE,TRUE,62,48,46,20,3,3,66,70,FALSE,25.84313725490196,51,3,FALSE,TRUE,TRUE,TRUE,3-5
2023,3032977,Giannis Antetokounmpo,FALSE,TRUE,62,48,48,20,2,3,61,63,TRUE,48.6,50,3,FALSE,FALSE,TRUE,TRUE,3-5
2023,3059318,Joel Embiid,FALSE,TRUE,62,49,49,20,2,3,66,66,TRUE,47.42857142857143,49,4,FALSE,TRUE,TRUE,TRUE,3-5
2023,3059319,Andrew Wiggins,FALSE,FALSE,62,37,36,20,0,3,37,37,FALSE,24.43243243243243,37,-8,FALSE,FALSE,FALSE,FALSE,NA
2023,3064440,Zach LaVine,FALSE,FALSE,62,58,58,20,3,3,77,77,TRUE,32.86206896551724,58,13,FALSE,TRUE,TRUE,FALSE,NA
2023,3064514,Julius Randle,FALSE,FALSE,62,62,62,20,3,3,77,77,TRUE,39.82258064516129,62,17,FALSE,TRUE,TRUE,FALSE,NA
2023,3112335,Nikola Jokic,FALSE,TRUE,62,54,54,20,3,3,69,69,TRUE,46.53703703703704,54,9,FALSE,TRUE,TRUE,FALSE,NA
2023,3136193,Devin Booker,FALSE,TRUE,62,34,34,20,3,3,52,53,FALSE,36.714285714285715,35,-11,FALSE,FALSE,TRUE,FALSE,NA
2023,3136195,Karl-Anthony Towns,FALSE,TRUE,62,21,21,20,0,3,29,29,FALSE,34.23809523809524,21,-24,FALSE,FALSE,FALSE,FALSE,NA
2023,3149673,Pascal Siakam,FALSE,TRUE,62,52,52,20,3,3,71,71,TRUE,39.09615384615385,52,7,FALSE,TRUE,TRUE,TRUE,6-8
2023,3155942,Domantas Sabonis,FALSE,FALSE,62,60,60,20,3,3,79,79,TRUE,38.13333333333333,60,15,FALSE,TRUE,TRUE,FALSE,NA
2023,3195,Mike Conley,FALSE,FALSE,59,46,46,20,3,3,66,67,FALSE,20.48936170212766,47,1,FALSE,TRUE,TRUE,TRUE,0-2
2023,3202,Kevin Durant,FALSE,TRUE,40,39,39,20,0,0,47,47,FALSE,41.717948717948715,39,-6,FALSE,FALSE,FALSE,FALSE,NA
2023,3468,Russell Westbrook,FALSE,FALSE,56,52,51,20,1,1,72,73,FALSE,29.71698113207547,53,7,FALSE,TRUE,FALSE,TRUE,6-8
2023,3907387,Ben Simmons,FALSE,FALSE,62,36,34,20,0,3,36,42,FALSE,19.285714285714285,42,-9,FALSE,FALSE,FALSE,FALSE,NA
2023,3907497,Dejounte Murray,FALSE,FALSE,62,56,56,20,3,3,73,74,FALSE,32.35087719298246,57,11,FALSE,TRUE,TRUE,FALSE,NA
2023,3908809,Donovan Mitchell,FALSE,FALSE,62,51,51,20,3,3,68,68,TRUE,36.05882352941177,51,6,FALSE,TRUE,TRUE,TRUE,6-8
2023,3913176,Brandon Ingram,FALSE,FALSE,62,26,25,20,3,3,44,45,FALSE,32.666666666666664,27,-19,FALSE,FALSE,TRUE,FALSE,NA
2023,3917376,Jaylen Brown,FALSE,FALSE,62,50,49,20,2,3,67,67,TRUE,36.78,50,5,FALSE,TRUE,TRUE,TRUE,3-5
2023,3945274,Luka Doncic,FALSE,TRUE,62,51,51,20,3,3,64,66,TRUE,49.98076923076923,52,6,FALSE,FALSE,TRUE,TRUE,6-8
2023,3975,Stephen Curry,FALSE,TRUE,62,38,38,20,0,3,56,56,FALSE,42.21052631578947,38,-7,FALSE,FALSE,FALSE,FALSE,NA
2023,3978,DeMar DeRozan,FALSE,TRUE,62,56,56,20,3,3,74,74,TRUE,34.607142857142854,56,11,FALSE,TRUE,TRUE,FALSE,NA
2023,3992,James Harden,FALSE,FALSE,62,46,46,20,3,3,58,58,TRUE,38.52173913043478,46,1,FALSE,FALSE,TRUE,TRUE,0-2
2023,4065648,Jayson Tatum,FALSE,TRUE,62,58,58,20,3,3,74,74,TRUE,43.53448275862069,58,13,FALSE,TRUE,TRUE,FALSE,NA
2023,4066261,Bam Adebayo,FALSE,TRUE,62,57,57,20,3,3,74,75,TRUE,34.280701754385966,57,12,FALSE,TRUE,TRUE,FALSE,NA
2023,4066328,Jarrett Allen,FALSE,FALSE,62,53,53,20,3,3,65,68,FALSE,26.29090909090909,55,8,FALSE,TRUE,TRUE,TRUE,6-8
2023,4251,Paul George,FALSE,FALSE,62,44,43,20,3,3,55,56,TRUE,34.91111111111111,45,-1,FALSE,FALSE,TRUE,FALSE,NA
2023,4277905,Trae Young,FALSE,TRUE,62,55,55,20,3,3,73,73,TRUE,40.127272727272725,55,10,FALSE,TRUE,TRUE,FALSE,NA
2023,4279888,Ja Morant,FALSE,TRUE,62,53,52,20,3,3,61,61,TRUE,41.264150943396224,53,8,FALSE,FALSE,TRUE,TRUE,6-8
2023,4395628,Zion Williamson,FALSE,FALSE,62,29,29,20,0,3,29,29,FALSE,37.55172413793103,29,-16,FALSE,FALSE,FALSE,FALSE,NA
2023,4396907,Darius Garland,FALSE,FALSE,62,51,51,20,3,3,68,69,FALSE,32.34615384615385,52,6,FALSE,TRUE,TRUE,TRUE,6-8
2023,4432816,LaMelo Ball,FALSE,FALSE,62,35,35,20,3,3,36,36,FALSE,38.4,35,-10,FALSE,FALSE,TRUE,FALSE,NA
2023,6430,Jimmy Butler III,FALSE,FALSE,62,47,47,20,3,3,64,64,TRUE,32.91489361702128,47,2,FALSE,FALSE,TRUE,TRUE,0-2
2023,6442,Kyrie Irving,FALSE,FALSE,58,46,46,20,2,3,60,60,TRUE,37.52173913043478,46,1,FALSE,FALSE,TRUE,TRUE,0-2
2023,6450,Kawhi Leonard,FALSE,FALSE,62,35,34,20,3,3,52,52,FALSE,32.91428571428571,35,-10,FALSE,FALSE,TRUE,FALSE,NA
2023,6478,Nikola Vucevic,FALSE,FALSE,62,62,62,20,3,3,82,82,TRUE,32.5,62,17,FALSE,TRUE,TRUE,FALSE,NA
2023,6479,Kemba Walker,FALSE,FALSE,62,4,4,20,0,3,4,9,FALSE,11.88888888888889,9,-41,FALSE,FALSE,FALSE,FALSE,NA
2023,6580,Bradley Beal,FALSE,FALSE,62,38,38,20,3,3,48,50,FALSE,31.85,40,-7,FALSE,FALSE,TRUE,FALSE,NA
2023,6583,Anthony Davis,FALSE,FALSE,62,37,36,20,3,3,55,56,FALSE,40.78947368421053,38,-8,FALSE,FALSE,TRUE,FALSE,NA
2023,6606,Damian Lillard,FALSE,FALSE,62,49,49,20,3,3,58,58,TRUE,43.755102040816325,49,4,FALSE,FALSE,TRUE,TRUE,3-5
2023,6609,Khris Middleton,FALSE,FALSE,62,16,14,20,2,3,28,33,FALSE,21.95,20,-29,FALSE,FALSE,TRUE,FALSE,NA
2024,1966,LeBron James,TRUE,TRUE,62,54,54,21,3,3,72,71,TRUE,40.2037037037037,54,10,FALSE,TRUE,TRUE,FALSE,NA
2024,2779,Chris Paul,TRUE,FALSE,62,37,36,20,3,3,56,58,FALSE,19.789473684210527,38,-8,FALSE,FALSE,TRUE,FALSE,NA
2024,2991230,Fred VanVleet,TRUE,FALSE,62,55,55,20,3,3,73,73,FALSE,28.29090909090909,55,10,FALSE,TRUE,TRUE,FALSE,NA
2024,3032976,Rudy Gobert,TRUE,FALSE,62,60,60,20,3,3,76,76,FALSE,27.833333333333332,60,15,FALSE,TRUE,TRUE,FALSE,NA
2024,3032977,Giannis Antetokounmpo,TRUE,TRUE,62,59,59,20,2,3,73,73,TRUE,48.40677966101695,59,14,FALSE,TRUE,TRUE,FALSE,NA
2024,3059318,Joel Embiid,TRUE,TRUE,62,34,34,20,0,3,39,39,FALSE,52.294117647058826,34,-11,FALSE,FALSE,FALSE,FALSE,NA
2024,3059319,Andrew Wiggins,TRUE,FALSE,62,49,47,20,2,3,67,71,FALSE,18.37735849056604,53,4,FALSE,TRUE,TRUE,TRUE,3-5
2024,3064440,Zach LaVine,TRUE,FALSE,62,25,25,20,0,3,25,25,FALSE,28.56,25,-20,FALSE,FALSE,FALSE,FALSE,NA
2024,3064514,Julius Randle,TRUE,TRUE,62,46,46,20,0,3,46,46,TRUE,38.130434782608695,46,1,FALSE,FALSE,FALSE,TRUE,0-2
2024,3112335,Nikola Jokic,TRUE,TRUE,62,60,58,20,3,3,79,79,TRUE,47.38333333333333,60,15,FALSE,TRUE,TRUE,FALSE,NA
2024,3136193,Devin Booker,TRUE,FALSE,62,49,49,20,1,3,67,68,TRUE,38.96,50,4,FALSE,TRUE,FALSE,TRUE,3-5
2024,3136195,Karl-Anthony Towns,TRUE,FALSE,62,60,59,20,3,3,62,62,TRUE,33.516666666666666,60,15,FALSE,FALSE,TRUE,FALSE,NA
2024,3149673,Pascal Siakam,TRUE,FALSE,60,59,59,21,3,3,80,80,FALSE,32.932203389830505,59,15,FALSE,TRUE,TRUE,FALSE,NA
2024,3155942,Domantas Sabonis,TRUE,TRUE,62,62,62,20,3,3,82,82,TRUE,41.95161290322581,62,17,FALSE,TRUE,TRUE,FALSE,NA
2024,3195,Mike Conley,TRUE,FALSE,62,57,57,20,3,3,76,76,FALSE,19.75438596491228,57,12,FALSE,TRUE,TRUE,FALSE,NA
2024,3202,Kevin Durant,TRUE,FALSE,62,55,55,20,3,3,75,75,TRUE,40.127272727272725,55,10,FALSE,TRUE,TRUE,FALSE,NA
2024,3907497,Dejounte Murray,TRUE,FALSE,62,59,59,20,3,3,78,78,FALSE,32.49152542372882,59,14,FALSE,TRUE,TRUE,FALSE,NA
2024,3908809,Donovan Mitchell,TRUE,TRUE,62,47,47,20,0,3,55,55,TRUE,39.5531914893617,47,2,FALSE,FALSE,FALSE,TRUE,0-2
2024,3917376,Jaylen Brown,TRUE,TRUE,62,57,56,20,3,3,70,70,FALSE,32.07017543859649,57,12,FALSE,TRUE,TRUE,FALSE,NA
2024,3945274,Luka Doncic,TRUE,TRUE,62,54,54,20,3,3,70,70,TRUE,53.333333333333336,54,9,FALSE,TRUE,TRUE,FALSE,NA
2024,3975,Stephen Curry,TRUE,TRUE,62,59,58,20,3,3,74,74,TRUE,36.23728813559322,59,14,FALSE,TRUE,TRUE,FALSE,NA
2024,3978,DeMar DeRozan,TRUE,FALSE,62,60,60,20,3,3,79,79,FALSE,32.45,60,15,FALSE,TRUE,TRUE,FALSE,NA
2024,3992,James Harden,TRUE,FALSE,62,57,57,20,3,3,71,72,FALSE,31.07017543859649,57,12,FALSE,TRUE,TRUE,FALSE,NA
2024,3995,Jrue Holiday,TRUE,TRUE,62,57,56,20,3,3,69,69,FALSE,23.24561403508772,57,12,FALSE,TRUE,TRUE,FALSE,NA
2024,4065648,Jayson Tatum,TRUE,TRUE,62,59,58,20,3,3,74,74,TRUE,40.11864406779661,59,14,FALSE,TRUE,TRUE,FALSE,NA
2024,4066259,De'Aaron Fox,TRUE,TRUE,62,54,54,20,3,3,74,74,TRUE,37.03703703703704,54,9,FALSE,TRUE,TRUE,FALSE,NA
2024,4066261,Bam Adebayo,TRUE,TRUE,62,51,51,20,3,3,70,71,TRUE,34.57692307692308,52,6,FALSE,TRUE,TRUE,TRUE,6-8
2024,4066328,Jarrett Allen,TRUE,FALSE,62,57,55,20,3,3,77,77,FALSE,29.280701754385966,57,12,FALSE,TRUE,TRUE,FALSE,NA
2024,4066336,Lauri Markkanen,TRUE,FALSE,62,51,51,20,2,3,55,55,TRUE,33.333333333333336,51,6,FALSE,FALSE,TRUE,TRUE,6-8
2024,4251,Paul George,TRUE,FALSE,62,57,56,20,3,3,73,74,FALSE,31.07017543859649,57,12,FALSE,TRUE,TRUE,FALSE,NA
2024,4277905,Trae Young,TRUE,FALSE,62,51,51,20,0,3,54,54,TRUE,39.94117647058823,51,6,FALSE,FALSE,FALSE,TRUE,6-8
2024,4277961,Jaren Jackson Jr.,TRUE,TRUE,62,53,53,20,0,3,65,66,FALSE,30.09259259259259,54,8,FALSE,TRUE,FALSE,TRUE,6-8
2024,4278073,Shai Gilgeous-Alexander,TRUE,TRUE,62,61,61,20,3,3,75,75,TRUE,43.19672131147541,61,16,FALSE,TRUE,TRUE,FALSE,NA
2024,4279888,Ja Morant,TRUE,TRUE,62,9,9,20,0,3,9,9,FALSE,38.77777777777778,9,-36,FALSE,FALSE,FALSE,FALSE,NA
2024,4395628,Zion Williamson,TRUE,FALSE,62,51,50,20,3,3,70,70,FALSE,32.705882352941174,51,6,FALSE,TRUE,TRUE,TRUE,6-8
2024,4396907,Darius Garland,TRUE,FALSE,62,37,37,20,3,3,56,57,FALSE,26.81578947368421,38,-8,FALSE,FALSE,TRUE,FALSE,NA
2024,4396993,Tyrese Haliburton,TRUE,FALSE,62,48,48,21,3,3,69,69,TRUE,36.04081632653061,49,4,FALSE,TRUE,TRUE,TRUE,3-5
2024,4432816,LaMelo Ball,TRUE,FALSE,62,22,21,20,0,3,22,22,FALSE,37.04545454545455,22,-23,FALSE,FALSE,FALSE,FALSE,NA
2024,4594268,Anthony Edwards,TRUE,FALSE,62,58,57,20,3,3,78,79,TRUE,36.40677966101695,59,13,FALSE,TRUE,TRUE,FALSE,NA
2024,6430,Jimmy Butler III,TRUE,TRUE,62,43,43,20,3,3,60,60,FALSE,32.04651162790697,43,-2,FALSE,FALSE,TRUE,FALSE,NA
2024,6442,Kyrie Irving,TRUE,FALSE,62,39,39,20,3,3,57,58,TRUE,35.825,40,-6,FALSE,FALSE,TRUE,FALSE,NA
2024,6450,Kawhi Leonard,TRUE,FALSE,62,57,57,20,3,3,67,68,TRUE,33.98245614035088,57,12,FALSE,TRUE,TRUE,FALSE,NA
2024,6478,Nikola Vucevic,TRUE,FALSE,62,57,57,20,3,3,76,76,FALSE,31.894736842105264,57,12,FALSE,TRUE,TRUE,FALSE,NA
2024,6580,Bradley Beal,TRUE,FALSE,62,31,31,20,3,3,51,53,FALSE,26.939393939393938,33,-14,FALSE,FALSE,TRUE,FALSE,NA
2024,6606,Damian Lillard,TRUE,TRUE,62,57,57,20,3,3,73,73,TRUE,35.59649122807018,57,12,FALSE,TRUE,TRUE,FALSE,NA
2024,6609,Khris Middleton,TRUE,FALSE,62,38,36,20,0,3,49,55,FALSE,24.093023255813954,43,-7,FALSE,FALSE,FALSE,FALSE,NA
2025,1966,LeBron James,TRUE,TRUE,62,58,58,20,3,3,70,70,TRUE,41.741379310344826,58,13,FALSE,TRUE,TRUE,FALSE,NA
2025,2779,Chris Paul,TRUE,FALSE,62,61,61,20,3,3,80,82,FALSE,20.516129032258064,62,16,FALSE,TRUE,TRUE,FALSE,NA
2025,2991230,Fred VanVleet,TRUE,FALSE,62,46,45,20,1,3,60,60,FALSE,24.065217391304348,46,1,FALSE,FALSE,FALSE,TRUE,0-2
2025,3032976,Rudy Gobert,TRUE,TRUE,62,55,55,20,0,3,72,72,FALSE,23.236363636363638,55,10,FALSE,TRUE,FALSE,FALSE,NA
2025,3032977,Giannis Antetokounmpo,TRUE,TRUE,62,50,49,21,3,3,68,67,TRUE,48.96,50,6,FALSE,TRUE,TRUE,TRUE,6-8
2025,3059318,Joel Embiid,TRUE,FALSE,62,18,17,20,0,3,18,19,FALSE,36.421052631578945,19,-27,FALSE,FALSE,FALSE,FALSE,NA
2025,3059319,Andrew Wiggins,TRUE,FALSE,62,49,47,20,0,3,60,60,FALSE,24.693877551020407,49,4,FALSE,FALSE,FALSE,TRUE,3-5
2025,3064440,Zach LaVine,TRUE,FALSE,60,55,55,20,3,3,74,74,TRUE,32.836363636363636,55,10,FALSE,TRUE,TRUE,FALSE,NA
2025,3064514,Julius Randle,TRUE,FALSE,62,48,48,20,1,3,68,69,FALSE,30.448979591836736,49,3,FALSE,TRUE,FALSE,TRUE,3-5
2025,3112335,Nikola Jokic,TRUE,TRUE,62,56,56,20,3,3,70,70,TRUE,51.964285714285715,56,11,FALSE,TRUE,TRUE,FALSE,NA
2025,3136193,Devin Booker,TRUE,TRUE,62,56,56,20,3,3,75,75,TRUE,36.714285714285715,56,11,FALSE,TRUE,TRUE,FALSE,NA
2025,3136195,Karl-Anthony Towns,TRUE,FALSE,62,55,55,20,2,3,72,72,TRUE,40.74545454545454,55,10,FALSE,TRUE,TRUE,FALSE,NA
2025,3149673,Pascal Siakam,TRUE,FALSE,62,62,62,20,3,3,78,78,FALSE,31.322580645161292,62,17,FALSE,TRUE,TRUE,FALSE,NA
2025,3155942,Domantas Sabonis,TRUE,TRUE,62,55,55,20,0,3,68,70,TRUE,39.839285714285715,56,10,FALSE,TRUE,FALSE,FALSE,NA
2025,3202,Kevin Durant,TRUE,TRUE,62,49,48,20,3,3,62,62,TRUE,37.142857142857146,49,4,FALSE,FALSE,TRUE,TRUE,3-5
2025,3907497,Dejounte Murray,TRUE,FALSE,62,30,30,20,0,3,30,31,FALSE,31.29032258064516,31,-15,FALSE,FALSE,FALSE,FALSE,NA
2025,3908809,Donovan Mitchell,TRUE,FALSE,62,58,58,20,2,3,71,71,TRUE,33.5,58,13,FALSE,TRUE,TRUE,FALSE,NA
2025,3917376,Jaylen Brown,TRUE,FALSE,62,52,52,20,3,3,63,63,TRUE,33.94230769230769,52,7,FALSE,FALSE,TRUE,TRUE,6-8
2025,3934672,Jalen Brunson,TRUE,TRUE,62,61,61,20,3,3,65,65,TRUE,36.704918032786885,61,16,FALSE,TRUE,TRUE,FALSE,NA
2025,3945274,Luka Doncic,TRUE,TRUE,42,33,32,20,3,3,50,50,FALSE,43,33,-12,FALSE,FALSE,TRUE,FALSE,NA
2025,3975,Stephen Curry,TRUE,TRUE,62,53,53,20,3,3,70,70,TRUE,34.84905660377358,53,8,FALSE,TRUE,TRUE,TRUE,6-8
2025,3978,DeMar DeRozan,TRUE,FALSE,62,57,56,20,3,3,77,77,FALSE,30.157894736842106,57,12,FALSE,TRUE,TRUE,FALSE,NA
2025,3995,Jrue Holiday,TRUE,TRUE,62,47,47,20,0,3,62,62,FALSE,18.74468085106383,47,2,FALSE,FALSE,FALSE,TRUE,0-2
2025,4065648,Jayson Tatum,TRUE,TRUE,62,58,58,20,2,3,72,72,TRUE,41.46551724137931,58,13,FALSE,TRUE,TRUE,FALSE,NA
2025,4066259,De'Aaron Fox,TRUE,FALSE,63,60,60,20,3,3,62,62,TRUE,34.516666666666666,60,15,FALSE,FALSE,TRUE,FALSE,NA
2025,4066261,Bam Adebayo,TRUE,TRUE,62,60,60,20,3,3,78,78,FALSE,32.05,60,15,FALSE,TRUE,TRUE,FALSE,NA
2025,4066328,Jarrett Allen,TRUE,TRUE,62,62,61,20,3,3,79,82,FALSE,25.677419354838708,62,17,FALSE,TRUE,TRUE,FALSE,NA
2025,4066336,Lauri Markkanen,TRUE,FALSE,62,43,42,20,0,3,47,47,FALSE,27,43,-2,FALSE,FALSE,FALSE,FALSE,NA
2025,4251,Paul George,TRUE,FALSE,62,40,39,20,1,3,40,41,FALSE,25.902439024390244,41,-5,FALSE,FALSE,FALSE,FALSE,NA
2025,4277905,Trae Young,TRUE,FALSE,62,58,58,20,3,3,76,76,TRUE,38.224137931034484,58,13,FALSE,TRUE,TRUE,FALSE,NA
2025,4277961,Jaren Jackson Jr.,TRUE,FALSE,62,58,57,20,2,3,73,74,FALSE,30.71186440677966,59,13,FALSE,TRUE,TRUE,FALSE,NA
2025,4278073,Shai Gilgeous-Alexander,TRUE,TRUE,62,61,61,21,3,3,77,76,TRUE,43.67213114754098,61,17,FALSE,TRUE,TRUE,FALSE,NA
2025,4279888,Ja Morant,TRUE,FALSE,62,38,37,20,1,3,50,50,FALSE,32.36842105263158,38,-7,FALSE,FALSE,FALSE,FALSE,NA
2025,4396907,Darius Garland,TRUE,FALSE,62,58,57,20,3,3,75,75,FALSE,30.32758620689655,58,13,FALSE,TRUE,TRUE,FALSE,NA
2025,4396993,Tyrese Haliburton,TRUE,TRUE,62,59,58,20,1,3,73,73,FALSE,30.915254237288135,59,14,FALSE,TRUE,FALSE,FALSE,NA
2025,4431678,Tyrese Maxey,TRUE,FALSE,62,52,52,20,1,3,52,52,TRUE,35.76923076923077,52,7,FALSE,FALSE,FALSE,TRUE,6-8
2025,4432573,Paolo Banchero,TRUE,FALSE,62,28,28,20,3,3,46,46,FALSE,35.392857142857146,28,-17,FALSE,FALSE,TRUE,FALSE,NA
2025,4432816,LaMelo Ball,TRUE,FALSE,62,38,38,20,3,3,45,47,TRUE,38.05,40,-7,FALSE,FALSE,TRUE,FALSE,NA
2025,4433134,Scottie Barnes,TRUE,FALSE,62,48,48,20,3,3,65,65,TRUE,33.666666666666664,48,3,FALSE,TRUE,TRUE,TRUE,3-5
2025,4594268,Anthony Edwards,TRUE,TRUE,62,59,59,20,2,3,79,79,TRUE,38.20338983050848,59,14,FALSE,TRUE,TRUE,FALSE,NA
2025,6430,Jimmy Butler III,TRUE,FALSE,55,33,32,20,2,3,53,55,FALSE,27.02857142857143,35,-12,FALSE,FALSE,TRUE,FALSE,NA
2025,6442,Kyrie Irving,TRUE,FALSE,62,49,49,20,3,3,49,50,TRUE,34.1,50,4,FALSE,FALSE,TRUE,TRUE,3-5
2025,6450,Kawhi Leonard,TRUE,TRUE,62,20,19,20,2,3,37,37,FALSE,25.75,20,-25,FALSE,FALSE,TRUE,FALSE,NA
2025,6583,Anthony Davis,TRUE,TRUE,55,41,41,20,0,3,49,51,TRUE,41.16279069767442,43,-4,FALSE,FALSE,FALSE,FALSE,NA
2025,6606,Damian Lillard,TRUE,FALSE,62,52,52,21,3,3,59,58,TRUE,37.25,52,8,FALSE,FALSE,TRUE,TRUE,6-8
2025,6609,Khris Middleton,TRUE,FALSE,60,29,27,20,3,3,34,37,FALSE,20.7,30,-16,FALSE,FALSE,TRUE,FALSE,NA
2026,1966,LeBron James,TRUE,TRUE,62,44,44,20,3,3,60,60,TRUE,34.06818181818182,44,-1,FALSE,FALSE,TRUE,FALSE,NA
2026,3032977,Giannis Antetokounmpo,TRUE,TRUE,62,31,30,20,3,3,34,36,FALSE,42.93939393939394,33,-14,FALSE,FALSE,TRUE,FALSE,NA
2026,3059318,Joel Embiid,TRUE,FALSE,62,33,33,20,0,3,38,38,FALSE,38.09090909090909,33,-12,FALSE,FALSE,FALSE,FALSE,NA
2026,3064514,Julius Randle,TRUE,FALSE,62,62,62,20,3,3,79,79,TRUE,33.806451612903224,62,17,FALSE,TRUE,TRUE,FALSE,NA
2026,3112335,Nikola Jokic,TRUE,TRUE,62,46,45,20,3,3,65,65,TRUE,51.608695652173914,46,1,FALSE,TRUE,TRUE,TRUE,0-2
2026,3136193,Devin Booker,TRUE,FALSE,62,44,44,20,2,3,62,64,TRUE,34.608695652173914,46,-1,FALSE,FALSE,TRUE,FALSE,NA
2026,3136195,Karl-Anthony Towns,TRUE,TRUE,62,58,57,21,3,3,76,75,TRUE,34.206896551724135,58,14,FALSE,TRUE,TRUE,FALSE,NA
2026,3149673,Pascal Siakam,TRUE,FALSE,62,53,53,20,1,3,62,62,TRUE,34.54716981132076,53,8,FALSE,FALSE,FALSE,TRUE,6-8
2026,3155942,Domantas Sabonis,TRUE,FALSE,62,19,18,20,0,3,19,19,FALSE,31.31578947368421,19,-26,FALSE,FALSE,FALSE,FALSE,NA
2026,3202,Kevin Durant,TRUE,FALSE,62,59,59,20,3,3,78,78,TRUE,36.101694915254235,59,14,FALSE,TRUE,TRUE,FALSE,NA
2026,3908809,Donovan Mitchell,TRUE,TRUE,62,55,55,20,0,3,70,70,TRUE,38.85454545454545,55,10,FALSE,TRUE,FALSE,FALSE,NA
2026,3917376,Jaylen Brown,TRUE,FALSE,62,55,55,20,2,3,71,71,TRUE,41.09090909090909,55,10,FALSE,TRUE,TRUE,FALSE,NA
2026,3934672,Jalen Brunson,TRUE,TRUE,62,56,56,21,3,3,74,74,TRUE,36.228070175438596,57,12,FALSE,TRUE,TRUE,FALSE,NA
2026,3945274,Luka Doncic,TRUE,FALSE,62,50,49,20,3,3,64,64,TRUE,48.6,50,5,FALSE,FALSE,TRUE,TRUE,3-5
2026,3975,Stephen Curry,TRUE,TRUE,62,39,39,20,0,3,43,43,FALSE,35.58974358974359,39,-6,FALSE,FALSE,FALSE,FALSE,NA
2026,3978,DeMar DeRozan,TRUE,FALSE,62,59,57,20,3,3,72,77,FALSE,25.258064516129032,62,14,FALSE,TRUE,TRUE,FALSE,NA
2026,3992,James Harden,TRUE,TRUE,57,52,52,20,1,3,70,70,TRUE,37.44230769230769,52,7,FALSE,TRUE,FALSE,TRUE,6-8
2026,3995,Jrue Holiday,TRUE,FALSE,62,33,31,20,3,3,53,53,FALSE,26.757575757575758,33,-12,FALSE,FALSE,TRUE,FALSE,NA
2026,4065648,Jayson Tatum,TRUE,TRUE,62,0,0,20,0,3,16,16,FALSE,NA,NA,-45,FALSE,FALSE,FALSE,FALSE,NA
2026,4066259,De'Aaron Fox,TRUE,FALSE,62,53,52,21,3,3,73,72,FALSE,28.566037735849058,53,9,FALSE,TRUE,TRUE,FALSE,NA
2026,4066261,Bam Adebayo,TRUE,TRUE,62,53,53,20,3,3,72,73,TRUE,31.38888888888889,54,8,FALSE,TRUE,TRUE,TRUE,6-8
2026,4066336,Lauri Markkanen,TRUE,FALSE,62,42,42,20,0,3,42,42,TRUE,35.73809523809524,42,-3,FALSE,FALSE,FALSE,FALSE,NA
2026,4251,Paul George,TRUE,FALSE,62,27,26,20,0,3,37,37,FALSE,24.814814814814813,27,-18,FALSE,FALSE,FALSE,FALSE,NA
2026,4277905,Trae Young,TRUE,FALSE,37,10,9,20,1,1,14,15,FALSE,28.818181818181817,11,-35,FALSE,FALSE,FALSE,FALSE,NA
2026,4277961,Jaren Jackson Jr.,TRUE,TRUE,58,48,48,20,0,3,48,48,FALSE,27.020833333333332,48,3,FALSE,FALSE,FALSE,TRUE,3-5
2026,4278073,Shai Gilgeous-Alexander,TRUE,TRUE,62,51,51,20,2,3,68,68,TRUE,42.68627450980392,51,6,FALSE,TRUE,TRUE,TRUE,6-8
2026,4279888,Ja Morant,TRUE,FALSE,62,19,19,20,0,3,19,20,FALSE,30.75,20,-26,FALSE,FALSE,FALSE,FALSE,NA
2026,4431678,Tyrese Maxey,TRUE,FALSE,62,60,60,20,3,3,70,70,TRUE,39.78333333333333,60,15,FALSE,TRUE,TRUE,FALSE,NA
2026,4432158,Evan Mobley,TRUE,TRUE,62,47,46,20,2,3,65,65,FALSE,30.148936170212767,47,2,FALSE,TRUE,TRUE,TRUE,0-2
2026,4432166,Cade Cunningham,TRUE,TRUE,62,55,55,20,2,3,63,64,TRUE,40.81818181818182,55,10,FALSE,FALSE,TRUE,FALSE,NA
2026,4432573,Paolo Banchero,TRUE,FALSE,62,51,51,20,3,3,71,72,TRUE,35.65384615384615,52,6,FALSE,TRUE,TRUE,TRUE,6-8
2026,4433134,Scottie Barnes,TRUE,FALSE,62,60,60,20,3,3,80,80,TRUE,32.333333333333336,60,15,FALSE,TRUE,TRUE,FALSE,NA
2026,4593803,Jalen Williams,TRUE,TRUE,62,25,25,20,0,3,32,33,FALSE,27.615384615384617,26,-20,FALSE,FALSE,FALSE,FALSE,NA
2026,4594268,Anthony Edwards,TRUE,TRUE,62,51,51,20,3,3,60,61,TRUE,38.57692307692308,52,6,FALSE,FALSE,TRUE,TRUE,6-8
2026,4871144,Alperen Sengun,TRUE,FALSE,62,54,54,20,3,3,71,72,TRUE,35.8,55,9,FALSE,TRUE,TRUE,FALSE,NA
2026,5104157,Victor Wembanyama,TRUE,FALSE,62,48,47,21,3,3,65,64,TRUE,37.229166666666664,48,4,FALSE,TRUE,TRUE,TRUE,3-5
2026,6430,Jimmy Butler III,TRUE,FALSE,62,37,36,20,0,3,37,38,FALSE,30.42105263157895,38,-8,FALSE,FALSE,FALSE,FALSE,NA
2026,6450,Kawhi Leonard,TRUE,FALSE,62,48,48,20,3,3,65,65,TRUE,38,48,3,FALSE,TRUE,TRUE,TRUE,3-5
2026,6583,Anthony Davis,TRUE,FALSE,62,18,18,20,0,3,18,20,FALSE,34.2,20,-27,FALSE,FALSE,FALSE,FALSE,NA
2026,6606,Damian Lillard,TRUE,FALSE,62,0,0,20,0,3,0,0,FALSE,NA,0,-45,FALSE,FALSE,FALSE,FALSE,NA
