season,player,note
2025,Shai Gilgeous-Alexander,Team Chuck
2025,Pascal Siakam,Team Chuck
2025,Karl-Anthony Towns,Team Chuck
2025,Donovan Mitchell,Team Chuck
2025,Nikola Jokic,Team Chuck
2025,Victor Wembanyama,Team Chuck
2025,Trae Young,Team Chuck; injury replacement for Antetokounmpo
2025,Alperen Sengun,Team Chuck
2025,Giannis Antetokounmpo,Team Chuck; selected did not play
2025,Jalen Brunson,Team Kenny
2025,Jaren Jackson Jr.,Team Kenny
2025,Evan Mobley,Team Kenny
2025,Tyler Herro,Team Kenny
2025,Jalen Williams,Team Kenny
2025,Darius Garland,Team Kenny
2025,Cade Cunningham,Team Kenny
2025,Anthony Edwards,Team Kenny; selected
2025,Stephen Curry,Team Shaq
2025,Kevin Durant,Team Shaq
2025,Jayson Tatum,Team Shaq
2025,Damian Lillard,Team Shaq
2025,James Harden,Team Shaq
2025,Kyrie Irving,Team Shaq; injury replacement for Davis
2025,Jaylen Brown,Team Shaq
2025,LeBron James,Team Shaq; selected did not play
2025,Anthony Davis,selected; injured; replaced by Irving
2026,Devin Booker,Team Stars
2026,Cade Cunningham,Team Stars
2026,Anthony Edwards,Team Stars
2026,Jalen Duren,Team Stars
2026,Tyrese Maxey,Team Stars
2026,Scottie Barnes,Team Stars
2026,Jalen Johnson,Team Stars
2026,Chet Holmgren,Team Stars
2026,Jamal Murray,Team World
2026,Victor Wembanyama,Team World
2026,Deni Avdija,Team World
2026,Luka Doncic,Team World
2026,Nikola Jokic,Team World
2026,Karl-Anthony Towns,Team World
2026,Pascal Siakam,Team World
2026,Norman Powell,Team World
2026,Alperen Sengun,Team World; injury replacement for Gilgeous-Alexander
2026,Giannis Antetokounmpo,Team World; selected did not play
2026,Shai Gilgeous-Alexander,Team World; selected did not play
2026,Kevin Durant,Team Stripes
2026,Kawhi Leonard,Team Stripes
2026,Jaylen Brown,Team Stripes
2026,LeBron James,Team Stripes
2026,Jalen Brunson,Team Stripes
2026,Donovan Mitchell,Team Stripes
2026,Brandon Ingram,Team Stripes; injury replacement for Curry
2026,De'Aaron Fox,Team Stripes; injury replacement for Antetokounmpo
2026,Stephen Curry,Team Stripes; selected did not play
