season,player,stakes,stakes_source
2024,Tyrese Haliburton,"Rose Rule: 2023 rookie extension worth 30% of cap instead of 25% with All-NBA in 2024 (about $40M); made All-NBA Third Team","Hoops Rumors, Jan 30 2024; Sportico, Feb 15 2024"
2024,Andrew Wiggins,"none identified","Spotrac check pending"
2024,Bam Adebayo,"All-NBA in 2024 would have made him eligible for a Designated Veteran (35%) extension, four years and about $245M versus the three-year $165M deal otherwise available; not selected","Hoops Rumors, Jan 30 2024; Sports Illustrated"
2024,Lauri Markkanen,"none identified","Spotrac check pending"
2024,Zion Williamson,"Guarantees for 2025-26 onward keyed to games played: 40% at 41 games, a further 20% at 51, full at 61, plus weigh-in criteria; later years had become non-guaranteed after 53 missed games in 2022-23","NBC Sports, Dec 21 2023; CBS Sports (Vorkunov); ESPN, Dec 31 2024"
2025,Scottie Barnes,"2024 rookie extension projected at $224.2M, rising to $269.1M if Rose Rule criteria are met; not selected","Hoops Rumors 2024/25 extension tracker"
2025,Kevin Durant,"none identified","Spotrac check pending"
2025,Kyrie Irving,"none identified","Spotrac check pending"
2025,Giannis Antetokounmpo,"none identified","Spotrac check pending"
2025,Damian Lillard,"none identified","Spotrac check pending"
2025,Jaylen Brown,"none identified; super-max signed July 2023, so no escalator","Hoops Rumors 2023 tracker (confirm); Spotrac check pending"
2025,Stephen Curry,"none identified","Spotrac check pending"
2026,Nikola Jokic,"none identified","Spotrac check pending"
2026,Evan Mobley,"Rose Rule already triggered by 2025 Defensive Player of the Year; no further stake in 2026","Hoops Rumors, Apr 26 2025"
2026,Kawhi Leonard,"none identified","Spotrac check pending"
2026,Victor Wembanyama,"Rookie scale; All-NBA in 2026 counts toward Rose Rule criteria (preceding season, or two of the prior three) for his 2027 extension","Hoops Rumors, Apr 26 2025"
2026,Luka Doncic,"Three-year max extension signed Aug 2025, projected $160.4M; no escalator (eligibility by waiver)","Hoops Rumors 2025/26 extension tracker; ESPN, Apr 16 2026"
2026,Anthony Edwards,"Rose Rule triggered by 2024 All-NBA; a 2026 All-NBA counts toward Designated Veteran criteria, but he lacks the years of service for a super-max extension until 2027; eligibility denied by arbitrator at 60","Hoops Rumors, Jan 30 2024 and Apr 26 2025; ESPN, Apr 16 2026"
2026,Paolo Banchero,"2025 rookie extension projected at $239.25M, rising to $287.1M with All-NBA, MVP or DPOY in 2025-26","Hoops Rumors 2025/26 extension tracker"
2026,Shai Gilgeous-Alexander,"Super-max signed July 2025, projected $284.6M; no escalator at stake","Hoops Rumors 2025/26 extension tracker"
2026,Bam Adebayo,"Three-year max extension signed 2024, projected $165.3M; no award terms","Hoops Rumors 2024/25 extension tracker"
2026,De'Aaron Fox,"Four-year max extension signed Aug 2025, $221.8M; no award-linked term; had missed super-max eligibility in 2024 by missing All-NBA","Hoops Rumors 2025/26 extension tracker; Bleacher Report, May 23 2024"
