season,player,slack_at_62,qualifying_thru_62,contender_prior_season,contender_current_proxy,reached_65,final_qualifying_games,games_played,last_absence_before_62,absences_before_62,return_team_games,minutes_first_4_after_return,received_award_votes,bbr_games,vote_tables,stakes,stakes_source
2024,Andrew Wiggins,4,49,FALSE,FALSE,TRUE,67,71,60,9,"61, 62, 63, 64","14, 15, 26, 30",FALSE,NA,,none identified,Spotrac check pending
2024,Tyrese Haliburton,4,48,FALSE,TRUE,TRUE,69,69,48,13,"49, 50, 51, 52","22, 22, 22, 20",TRUE,69,leading_all_nba; mip,Rose Rule: 2023 rookie extension worth 30% of cap instead of 25% with All-NBA in 2024 (about $40M); made All-NBA Third Team,"Hoops Rumors, Jan 30 2024; Sportico, Feb 15 2024"
2024,Bam Adebayo,6,51,TRUE,TRUE,TRUE,70,71,26,10,"27, 28, 29, 30","36, 30, 38, 36",TRUE,71,leading_all_nba; leading_all_defense; dpoy,"All-NBA in 2024 would have made him eligible for a Designated Veteran (35%) extension, four years and about $245M versus the three-year $165M deal otherwise available; not selected","Hoops Rumors, Jan 30 2024; Sports Illustrated"
2024,Lauri Markkanen,6,51,FALSE,TRUE,FALSE,55,55,29,10,"30, 31, 32, 33","39, 31, 35, 26",FALSE,NA,,none identified,Spotrac check pending
2024,Zion Williamson,6,51,FALSE,FALSE,TRUE,70,70,53,11,"54, 55, 56, 57","35, 34, 35, 36",TRUE,70,leading_all_nba,"Guarantees for 2025-26 onward keyed to games played: 40% at 41 games, a further 20% at 51, full at 61, plus weigh-in criteria; later years had become non-guaranteed after 53 missed games in 2022-23","NBC Sports, Dec 21 2023; CBS Sports (Vorkunov); ESPN, Dec 31 2024"
2025,Scottie Barnes,3,48,FALSE,TRUE,TRUE,65,65,59,14,"60, 61, 62, 63","36, 29, 30, 32",FALSE,NA,,"2024 rookie extension projected at $224.2M, rising to $269.1M if Rose Rule criteria are met; not selected",Hoops Rumors 2024/25 extension tracker
2025,Kevin Durant,4,49,TRUE,TRUE,FALSE,62,62,52,13,"53, 54, 55, 56","43, 42, 39, 38",FALSE,NA,,none identified,Spotrac check pending
2025,Kyrie Irving,4,49,FALSE,TRUE,FALSE,49,50,56,12,"57, 58, 59, 60","37, 32, 40, 38",FALSE,NA,,none identified,Spotrac check pending
2025,Giannis Antetokounmpo,6,50,TRUE,TRUE,TRUE,68,67,54,12,"55, 56, 57, 58","24, 19, 32, 32",TRUE,67,mvp; leading_all_nba; leading_all_defense; dpoy,none identified,Spotrac check pending
2025,Jaylen Brown,7,52,FALSE,TRUE,FALSE,63,63,59,10,"60, 61, 62, 64","34, 37, 40, 42",FALSE,NA,,"none identified; super-max signed July 2023, so no escalator",Hoops Rumors 2023 tracker (confirm); Spotrac check pending
2025,Damian Lillard,8,52,FALSE,TRUE,FALSE,59,58,56,10,"57, 58, 59, 60","38, 37, 35, 36",FALSE,NA,,none identified,Spotrac check pending
2025,Stephen Curry,8,53,TRUE,TRUE,TRUE,70,70,46,9,"47, 48, 49, 50","33, 31, 34, 35",TRUE,70,mvp; leading_all_nba,none identified,Spotrac check pending
2026,Nikola Jokic,1,46,TRUE,TRUE,TRUE,65,65,48,16,"49, 50, 51, 52","25, 29, 33, 45",TRUE,65,mvp; leading_all_nba,none identified,Spotrac check pending
2026,Evan Mobley,2,47,TRUE,FALSE,TRUE,65,65,60,15,"61, 62, 63, 64","37, 27, 32, 31",TRUE,65,leading_all_nba; leading_all_defense,Rose Rule already triggered by 2025 Defensive Player of the Year; no further stake in 2026,"Hoops Rumors, Apr 26 2025"
2026,Kawhi Leonard,3,48,FALSE,TRUE,TRUE,65,65,58,14,"59, 60, 61, 62","29, 29, 23, 37",TRUE,65,mvp; leading_all_nba; leading_all_defense,none identified,Spotrac check pending
2026,Victor Wembanyama,4,48,FALSE,TRUE,TRUE,65,64,36,14,"37, 38, 39, 40","21, 26, 26, 27",TRUE,64,mvp; leading_all_nba; leading_all_defense; dpoy; mip,"Rookie scale; All-NBA in 2026 counts toward Rose Rule criteria (preceding season, or two of the prior three) for his 2027 extension","Hoops Rumors, Apr 26 2025"
2026,Luka Doncic,5,50,FALSE,TRUE,FALSE,64,64,54,12,"55, 56, 57, 58","38, 33, 38, 39",TRUE,64,mvp; leading_all_nba,"Three-year max extension signed Aug 2025, projected $160.4M; no escalator (eligibility by waiver)","Hoops Rumors 2025/26 extension tracker; ESPN, Apr 16 2026"
2026,Anthony Edwards,6,51,TRUE,TRUE,FALSE,60,61,47,10,"48, 49, 50, 51","38, 35, 39, 40",FALSE,NA,,"Rose Rule triggered by 2024 All-NBA; a 2026 All-NBA counts toward Designated Veteran criteria, but he lacks the years of service for a super-max extension until 2027; eligibility denied by arbitrator at 60","Hoops Rumors, Jan 30 2024 and Apr 26 2025; ESPN, Apr 16 2026"
2026,Paolo Banchero,6,51,FALSE,TRUE,TRUE,71,72,22,10,"23, 24, 25, 26","20, 24, 32, 35",FALSE,NA,,"2025 rookie extension projected at $239.25M, rising to $287.1M with All-NBA, MVP or DPOY in 2025-26",Hoops Rumors 2025/26 extension tracker
2026,Shai Gilgeous-Alexander,6,51,TRUE,TRUE,TRUE,68,68,60,11,"61, 62, 64, 65","34, 33, 35, 35",TRUE,68,mvp; leading_all_nba; leading_all_defense,"Super-max signed July 2025, projected $284.6M; no escalator at stake",Hoops Rumors 2025/26 extension tracker
2026,Bam Adebayo,8,53,TRUE,TRUE,TRUE,72,73,32,8,"33, 34, 35, 36","21, 33, 34, 29",TRUE,73,leading_all_nba; leading_all_defense; dpoy,"Three-year max extension signed 2024, projected $165.3M; no award terms",Hoops Rumors 2024/25 extension tracker
